Case ID,Case Date,Day,Week,Cases,Events
1,6/10/2009,1,1,1,1
693,6/10/2009,1,1,1,1
695,9/10/2009,4,1,1,1
697,12/10/2009,7,1,1,1
46,17/10/2009,12,2,1,1
632,18/10/2009,13,2,1,1
3,25/10/2009,20,3,1,1
4,26/10/2009,21,3,1,1
701,26/10/2009,21,3,1,1
5,1/11/2009,27,4,1,1
6,9/11/2009,35,5,1,1
702,10/11/2009,36,6,1,1
703,13/11/2009,39,6,1,1
7,20/11/2009,46,7,1,1
8,24/11/2009,50,8,1,1
10,25/11/2009,51,8,1,1
9,25/11/2009,51,8,1,1
631,26/11/2009,52,8,1,1
704,4/12/2009,60,9,1,1
705,8/12/2009,64,10,1,1
43,8/12/2009,64,10,1,1
44,14/12/2009,70,10,4,1
515,14/12/2009,70,10,1,1
11,15/12/2009,71,11,1,1
12,17/12/2009,73,11,1,1
157,20/12/2009,76,11,1,1
13,21/12/2009,77,11,1,1
669,25/12/2009,81,12,1,1
14,28/12/2009,84,12,1,1
670,28/12/2009,84,12,1,1
140,29/12/2009,85,13,1,1
107,30/12/2009,86,13,1,1
187,30/12/2009,86,13,1,1
39,30/12/2009,86,13,1,1
31,30/12/2009,86,13,1,1
59,31/12/2009,87,13,1,1
2764,2/01/2010,89,13,1,1
641,2/01/2010,89,13,1,1
16,4/01/2010,91,13,1,1
2763,4/01/2010,91,13,1,1
105,4/01/2010,91,13,1,1
766,5/01/2010,92,14,1,1
706,5/01/2010,92,14,1,1
115,5/01/2010,92,14,1,1
104,5/01/2010,92,14,1,1
122,7/01/2010,94,14,1,1
103,8/01/2010,95,14,1,1
2761,8/01/2010,95,14,1,1
188,8/01/2010,95,14,1,1
102,9/01/2010,96,14,1,1
116,10/01/2010,97,14,2,1
98,10/01/2010,97,14,1,1
101,10/01/2010,97,14,1,1
99,10/01/2010,97,14,1,1
64,11/01/2010,98,14,1,1
97,11/01/2010,98,14,1,1
156,13/01/2010,100,15,1,1
65,13/01/2010,100,15,1,1
58,14/01/2010,101,15,1,1
2760,14/01/2010,101,15,1,1
517,14/01/2010,101,15,1,1
642,15/01/2010,102,15,1,1
45,17/01/2010,104,15,1,1
57,17/01/2010,104,15,1,1
2891,19/01/2010,106,16,1,1
26,20/01/2010,107,16,1,1
92,22/01/2010,109,16,1,1
482,23/01/2010,110,16,1,1
60,23/01/2010,110,16,1,1
50,24/01/2010,111,16,2,1
67,24/01/2010,111,16,1,1
713,25/01/2010,112,16,2,1
812,25/01/2010,112,16,1,1
153,25/01/2010,112,16,1,1
118,26/01/2010,113,17,1,1
176,26/01/2010,113,17,1,1
93,27/01/2010,114,17,1,1
714,28/01/2010,115,17,2,1
639,28/01/2010,115,17,1,1
95,29/01/2010,116,17,1,1
94,30/01/2010,117,17,1,1
78,1/02/2010,119,17,1,1
179,1/02/2010,119,17,1,1
48,2/02/2010,120,18,1,1
53,3/02/2010,121,18,3,1
49,3/02/2010,121,18,1,1
219,3/02/2010,121,18,1,1
52,3/02/2010,121,18,1,1
210,3/02/2010,121,18,1,1
180,3/02/2010,121,18,1,1
204,4/02/2010,122,18,1,1
142,4/02/2010,122,18,1,1
175,6/02/2010,124,18,1,1
481,6/02/2010,124,18,1,1
62,6/02/2010,124,18,1,1
162,7/02/2010,125,18,1,1
79,7/02/2010,125,18,1,1
80,7/02/2010,125,18,1,1
68,8/02/2010,126,18,1,1
480,8/02/2010,126,18,1,1
56,8/02/2010,126,18,1,1
163,11/02/2010,129,19,1,1
164,11/02/2010,129,19,1,1
181,11/02/2010,129,19,1,1
236,12/02/2010,130,19,2,1
112,12/02/2010,130,19,1,1
806,13/02/2010,131,19,1,1
306,15/02/2010,133,19,1,1
193,15/02/2010,133,19,1,1
119,16/02/2010,134,20,1,1
711,17/02/2010,135,20,1,1
710,19/02/2010,137,20,1,1
182,19/02/2010,137,20,1,1
183,19/02/2010,137,20,1,1
117,19/02/2010,137,20,1,1
715,20/02/2010,138,20,1,1
716,20/02/2010,138,20,1,1
223,20/02/2010,138,20,1,1
136,20/02/2010,138,20,1,1
2892,21/02/2010,139,20,1,1
237,22/02/2010,140,20,1,1
125,22/02/2010,140,20,1,1
4084,23/02/2010,141,21,1,1
135,23/02/2010,141,21,1,1
149,23/02/2010,141,21,1,1
276,23/02/2010,141,21,1,1
846,23/02/2010,141,21,1,1
224,23/02/2010,141,21,1,1
144,24/02/2010,142,21,1,1
459,24/02/2010,142,21,1,1
277,24/02/2010,142,21,1,1
184,24/02/2010,142,21,1,1
259,25/02/2010,143,21,1,1
152,25/02/2010,143,21,1,1
287,25/02/2010,143,21,1,1
147,25/02/2010,143,21,1,1
160,26/02/2010,144,21,1,1
159,26/02/2010,144,21,1,1
239,26/02/2010,144,21,1,1
235,27/02/2010,145,21,1,1
231,28/02/2010,146,21,2,1
166,28/02/2010,146,21,1,1
260,28/02/2010,146,21,1,1
238,1/03/2010,147,21,1,1
255,3/03/2010,149,22,1,1
512,3/03/2010,149,22,1,1
404,4/03/2010,150,22,1,1
205,4/03/2010,150,22,1,1
220,4/03/2010,150,22,1,1
225,5/03/2010,151,22,1,1
227,5/03/2010,151,22,1,1
221,6/03/2010,152,22,1,1
325,6/03/2010,152,22,1,1
324,6/03/2010,152,22,1,1
208,7/03/2010,153,22,1,1
376,8/03/2010,154,22,1,1
202,8/03/2010,154,22,1,1
638,8/03/2010,154,22,1,1
226,9/03/2010,155,23,1,1
304,9/03/2010,155,23,1,1
717,9/03/2010,155,23,1,1
323,10/03/2010,156,23,1,1
278,10/03/2010,156,23,1,1
348,11/03/2010,157,23,1,1
322,11/03/2010,157,23,1,1
279,12/03/2010,158,23,1,1
309,12/03/2010,158,23,1,1
233,13/03/2010,159,23,1,1
767,14/03/2010,160,23,1,1
768,14/03/2010,160,23,1,1
349,14/03/2010,160,23,1,1
332,15/03/2010,161,23,1,1
712,15/03/2010,161,23,1,1
525,16/03/2010,162,24,1,1
585,17/03/2010,163,24,1,1
375,17/03/2010,163,24,1,1
298,19/03/2010,165,24,1,1
769,20/03/2010,166,24,1,1
803,20/03/2010,166,24,1,1
284,21/03/2010,167,24,1,1
811,21/03/2010,167,24,1,1
770,22/03/2010,168,24,1,1
368,22/03/2010,168,24,1,1
289,22/03/2010,168,24,1,1
802,23/03/2010,169,25,1,1
2893,23/03/2010,169,25,1,1
593,23/03/2010,169,25,1,1
333,23/03/2010,169,25,1,1
357,24/03/2010,170,25,1,1
290,24/03/2010,170,25,1,1
799,25/03/2010,171,25,1,1
801,26/03/2010,172,25,1,1
296,26/03/2010,172,25,1,1
520,26/03/2010,172,25,1,1
1569,27/03/2010,173,25,3,1
338,27/03/2010,173,25,1,1
344,29/03/2010,175,25,1,1
305,29/03/2010,175,25,1,1
310,29/03/2010,175,25,1,1
311,30/03/2010,176,26,5,1
328,30/03/2010,176,26,1,1
523,31/03/2010,177,26,1,1
925,31/03/2010,177,26,1,1
351,1/04/2010,178,26,1,1
361,1/04/2010,178,26,1,1
340,2/04/2010,179,26,3,1
312,2/04/2010,179,26,1,1
315,2/04/2010,179,26,1,1
510,2/04/2010,179,26,1,1
317,2/04/2010,179,26,1,1
316,2/04/2010,179,26,1,1
321,4/04/2010,181,26,4,1
319,4/04/2010,181,26,1,1
395,4/04/2010,181,26,1,1
345,6/04/2010,183,27,1,1
335,6/04/2010,183,27,1,1
468,6/04/2010,183,27,1,1
377,7/04/2010,184,27,1,1
339,8/04/2010,185,27,1,1
337,8/04/2010,185,27,1,1
552,8/04/2010,185,27,1,1
336,8/04/2010,185,27,1,1
331,9/04/2010,186,27,1,1
352,9/04/2010,186,27,1,1
330,9/04/2010,186,27,1,1
430,9/04/2010,186,27,1,1
363,10/04/2010,187,27,1,1
346,10/04/2010,187,27,1,1
509,10/04/2010,187,27,1,1
343,10/04/2010,187,27,1,1
522,11/04/2010,188,27,1,1
341,11/04/2010,188,27,1,1
342,11/04/2010,188,27,1,1
524,12/04/2010,189,27,1,1
526,12/04/2010,189,27,1,1
3957,12/04/2010,189,27,1,1
508,12/04/2010,189,27,1,1
378,12/04/2010,189,27,1,1
645,13/04/2010,190,28,1,1
477,13/04/2010,190,28,1,1
848,13/04/2010,190,28,1,1
595,14/04/2010,191,28,1,1
359,14/04/2010,191,28,1,1
470,14/04/2010,191,28,1,1
360,14/04/2010,191,28,1,1
364,14/04/2010,191,28,1,1
583,15/04/2010,192,28,1,1
366,15/04/2010,192,28,1,1
428,15/04/2010,192,28,1,1
798,16/04/2010,193,28,1,1
367,16/04/2010,193,28,1,1
365,16/04/2010,193,28,1,1
408,17/04/2010,194,28,4,1
471,17/04/2010,194,28,1,1
584,18/04/2010,195,28,1,1
472,18/04/2010,195,28,1,1
382,18/04/2010,195,28,1,1
383,18/04/2010,195,28,1,1
810,18/04/2010,195,28,1,1
897,19/04/2010,196,28,1,1
422,19/04/2010,196,28,1,1
847,20/04/2010,197,29,1,1
423,21/04/2010,198,29,1,1
598,21/04/2010,198,29,1,1
399,21/04/2010,198,29,1,1
426,21/04/2010,198,29,1,1
478,21/04/2010,198,29,1,1
400,22/04/2010,199,29,1,1
809,22/04/2010,199,29,1,1
433,22/04/2010,199,29,1,1
849,23/04/2010,200,29,1,1
389,23/04/2010,200,29,1,1
387,23/04/2010,200,29,1,1
407,24/04/2010,201,29,2,1
392,25/04/2010,202,29,1,1
393,25/04/2010,202,29,1,1
456,26/04/2010,203,29,3,1
394,26/04/2010,203,29,1,1
534,26/04/2010,203,29,1,1
427,26/04/2010,203,29,1,1
495,27/04/2010,204,30,1,1
536,27/04/2010,204,30,1,1
535,27/04/2010,204,30,1,1
409,27/04/2010,204,30,1,1
760,28/04/2010,205,30,1,1
434,28/04/2010,205,30,1,1
410,28/04/2010,205,30,1,1
527,28/04/2010,205,30,1,1
416,28/04/2010,205,30,1,1
414,29/04/2010,206,30,1,1
418,30/04/2010,207,30,1,1
473,30/04/2010,207,30,1,1
435,30/04/2010,207,30,1,1
436,30/04/2010,207,30,1,1
405,30/04/2010,207,30,1,1
497,30/04/2010,207,30,1,1
659,1/05/2010,208,30,1,1
474,1/05/2010,208,30,1,1
450,2/05/2010,209,30,1,1
851,2/05/2010,209,30,1,1
1734,2/05/2010,209,30,1,1
449,2/05/2010,209,30,1,1
444,3/05/2010,210,30,5,1
457,3/05/2010,210,30,3,1
763,3/05/2010,210,30,1,1
2759,3/05/2010,210,30,1,1
425,3/05/2010,210,30,1,1
503,4/05/2010,211,31,1,1
447,4/05/2010,211,31,1,1
413,4/05/2010,211,31,1,1
455,4/05/2010,211,31,1,1
475,4/05/2010,211,31,1,1
507,5/05/2010,212,31,1,1
624,5/05/2010,212,31,1,1
3958,5/05/2010,212,31,1,1
582,5/05/2010,212,31,1,1
3959,5/05/2010,212,31,1,1
658,6/05/2010,213,31,1,1
445,6/05/2010,213,31,1,1
3960,6/05/2010,213,31,1,1
446,7/05/2010,214,31,1,1
479,7/05/2010,214,31,1,1
561,8/05/2010,215,31,1,1
476,8/05/2010,215,31,1,1
461,9/05/2010,216,31,1,1
623,9/05/2010,216,31,1,1
448,9/05/2010,216,31,1,1
496,10/05/2010,217,31,1,1
619,10/05/2010,217,31,1,1
764,11/05/2010,218,32,1,1
622,11/05/2010,218,32,1,1
462,12/05/2010,219,32,3,1
504,12/05/2010,219,32,1,1
646,12/05/2010,219,32,1,1
465,12/05/2010,219,32,1,1
486,12/05/2010,219,32,1,1
3961,12/05/2010,219,32,1,1
2758,12/05/2010,219,32,1,1
575,12/05/2010,219,32,1,1
466,13/05/2010,220,32,1,1
4085,13/05/2010,220,32,1,1
500,14/05/2010,221,32,1,1
4086,14/05/2010,221,32,1,1
487,14/05/2010,221,32,1,1
528,14/05/2010,221,32,1,1
498,15/05/2010,222,32,1,1
2063,16/05/2010,223,32,1,1
569,16/05/2010,223,32,1,1
2064,17/05/2010,224,32,1,1
589,17/05/2010,224,32,1,1
1618,17/05/2010,224,32,1,1
492,17/05/2010,224,32,1,1
3962,17/05/2010,224,32,1,1
513,17/05/2010,224,32,1,1
499,17/05/2010,224,32,1,1
590,18/05/2010,225,33,1,1
488,18/05/2010,225,33,1,1
564,18/05/2010,225,33,1,1
580,18/05/2010,225,33,1,1
546,18/05/2010,225,33,1,1
505,18/05/2010,225,33,1,1
529,18/05/2010,225,33,1,1
796,19/05/2010,226,33,9,1
644,19/05/2010,226,33,1,1
489,19/05/2010,226,33,1,1
491,19/05/2010,226,33,1,1
506,19/05/2010,226,33,1,1
630,19/05/2010,226,33,1,1
502,19/05/2010,226,33,1,1
647,19/05/2010,226,33,1,1
2757,20/05/2010,227,33,1,1
501,20/05/2010,227,33,1,1
648,21/05/2010,228,33,1,1
618,21/05/2010,228,33,1,1
2756,21/05/2010,228,33,1,1
665,21/05/2010,228,33,1,1
519,23/05/2010,230,33,1,1
852,23/05/2010,230,33,1,1
2067,25/05/2010,232,34,1,1
2894,26/05/2010,233,34,1,1
643,26/05/2010,233,34,1,1
3963,26/05/2010,233,34,1,1
521,27/05/2010,234,34,1,1
530,28/05/2010,235,34,1,1
532,28/05/2010,235,34,1,1
650,29/05/2010,236,34,1,1
591,29/05/2010,236,34,1,1
568,29/05/2010,236,34,1,1
542,31/05/2010,238,34,2,1
666,31/05/2010,238,34,1,1
3964,31/05/2010,238,34,1,1
2622,31/05/2010,238,34,1,1
660,31/05/2010,238,34,1,1
547,1/06/2010,239,35,2,1
544,1/06/2010,239,35,1,1
4040,1/06/2010,239,35,1,1
578,1/06/2010,239,35,1,1
776,1/06/2010,239,35,1,1
616,3/06/2010,241,35,1,1
2114,4/06/2010,242,35,1,1
560,4/06/2010,242,35,1,1
600,4/06/2010,242,35,1,1
3395,4/06/2010,242,35,1,1
579,7/06/2010,245,35,1,1
599,7/06/2010,245,35,1,1
566,7/06/2010,245,35,1,1
570,8/06/2010,246,36,5,1
2113,8/06/2010,246,36,1,1
592,8/06/2010,246,36,1,1
571,8/06/2010,246,36,1,1
615,8/06/2010,246,36,1,1
2887,8/06/2010,246,36,1,1
2889,9/06/2010,247,36,1,1
1541,9/06/2010,247,36,1,1
667,9/06/2010,247,36,1,1
2112,10/06/2010,248,36,1,1
4041,10/06/2010,248,36,1,1
594,10/06/2010,248,36,1,1
602,12/06/2010,250,36,1,1
651,14/06/2010,252,36,1,1
653,14/06/2010,252,36,1,1
74,15/06/2010,253,37,2,1
75,15/06/2010,253,37,2,1
609,15/06/2010,253,37,1,1
633,15/06/2010,253,37,1,1
611,16/06/2010,254,37,1,1
76,18/06/2010,256,37,1,1
2069,19/06/2010,257,37,1,1
614,19/06/2010,257,37,1,1
737,20/06/2010,258,37,1,1
894,21/06/2010,259,37,1,1
671,21/06/2010,259,37,1,1
2066,22/06/2010,260,38,1,1
625,22/06/2010,260,38,1,1
866,22/06/2010,260,38,1,1
664,23/06/2010,261,38,1,1
77,24/06/2010,262,38,1,1
691,24/06/2010,262,38,1,1
662,25/06/2010,263,38,1,1
668,26/06/2010,264,38,1,1
617,26/06/2010,264,38,1,1
728,27/06/2010,265,38,1,1
765,27/06/2010,265,38,1,1
2449,27/06/2010,265,38,1,1
743,28/06/2010,266,38,1,1
649,29/06/2010,267,39,1,1
1539,30/06/2010,268,39,1,1
663,30/06/2010,268,39,1,1
657,1/07/2010,269,39,1,1
744,1/07/2010,269,39,1,1
720,1/07/2010,269,39,1,1
698,1/07/2010,269,39,1,1
4042,3/07/2010,271,39,1,1
4043,6/07/2010,274,39,1,1
2045,6/07/2010,274,39,1,1
692,8/07/2010,276,39,1,1
1540,8/07/2010,276,39,1,1
729,9/07/2010,277,39,1,1
745,10/07/2010,278,39,1,1
792,12/07/2010,280,39,2,1
707,12/07/2010,280,39,1,1
724,14/07/2010,282,40,1,1
727,14/07/2010,282,40,1,1
754,17/07/2010,285,40,1,1
747,17/07/2010,285,40,1,1
793,18/07/2010,286,40,1,1
1935,18/07/2010,286,40,1,1
808,18/07/2010,286,40,1,1
2646,18/07/2010,286,40,1,1
791,19/07/2010,287,40,1,1
821,19/07/2010,287,40,1,1
775,21/07/2010,289,41,1,1
748,21/07/2010,289,41,1,1
774,23/07/2010,291,41,1,1
752,23/07/2010,291,41,1,1
779,23/07/2010,291,41,1,1
778,24/07/2010,292,41,1,1
4044,25/07/2010,293,41,1,1
1064,26/07/2010,294,41,1,1
905,26/07/2010,294,41,1,1
782,26/07/2010,294,41,1,1
4045,27/07/2010,295,42,1,1
757,27/07/2010,295,42,1,1
874,28/07/2010,296,42,1,1
777,28/07/2010,296,42,1,1
1062,28/07/2010,296,42,1,1
864,29/07/2010,297,42,1,1
772,29/07/2010,297,42,1,1
828,29/07/2010,297,42,1,1
827,29/07/2010,297,42,1,1
773,30/07/2010,298,42,1,1
830,31/07/2010,299,42,7,1
781,2/08/2010,301,42,1,1
2895,2/08/2010,301,42,1,1
837,3/08/2010,302,43,6,1
838,3/08/2010,302,43,1,1
906,3/08/2010,302,43,1,1
931,5/08/2010,304,43,1,1
814,5/08/2010,304,43,1,1
819,6/08/2010,305,43,1,1
834,6/08/2010,305,43,1,1
854,7/08/2010,306,43,6,1
820,7/08/2010,306,43,3,1
4047,8/08/2010,307,43,1,1
4046,8/08/2010,307,43,1,1
2048,9/08/2010,308,43,1,1
829,9/08/2010,308,43,1,1
823,10/08/2010,309,44,1,1
1063,10/08/2010,309,44,1,1
845,12/08/2010,311,44,1,1
909,12/08/2010,311,44,1,1
839,13/08/2010,312,44,1,1
1791,14/08/2010,313,44,1,1
840,17/08/2010,316,45,1,1
841,18/08/2010,317,45,1,1
842,18/08/2010,317,45,1,1
858,19/08/2010,318,45,1,1
844,20/08/2010,319,45,1,1
2896,20/08/2010,319,45,1,1
4087,24/08/2010,323,46,1,1
1060,24/08/2010,323,46,1,1
923,27/08/2010,326,46,1,1
861,28/08/2010,327,46,3,1
1057,29/08/2010,328,46,6,1
1936,31/08/2010,330,47,1,1
871,1/09/2010,331,47,4,1
895,3/09/2010,333,47,5,1
1553,4/09/2010,334,47,1,1
920,4/09/2010,334,47,1,1
870,4/09/2010,334,47,1,1
928,5/09/2010,335,47,1,1
872,5/09/2010,335,47,1,1
916,5/09/2010,335,47,1,1
914,6/09/2010,336,47,1,1
2109,6/09/2010,336,47,1,1
919,6/09/2010,336,47,1,1
1059,6/09/2010,336,47,1,1
910,6/09/2010,336,47,1,1
912,7/09/2010,337,48,5,1
963,7/09/2010,337,48,1,1
1883,7/09/2010,337,48,1,1
917,8/09/2010,338,48,1,1
958,9/09/2010,339,48,2,1
921,10/09/2010,340,48,1,1
924,13/09/2010,343,48,1,1
5538,13/09/2010,343,48,1,1
918,13/09/2010,343,48,1,1
4697,14/09/2010,344,49,1,1
922,15/09/2010,345,49,4,1
1796,15/09/2010,345,49,1,1
964,15/09/2010,345,49,1,1
1797,16/09/2010,346,49,2,1
949,17/09/2010,347,49,2,1
932,17/09/2010,347,49,1,1
1083,18/09/2010,348,49,1,1
933,20/09/2010,350,49,3,1
934,20/09/2010,350,49,1,1
1879,21/09/2010,351,50,1,1
1067,21/09/2010,351,50,1,1
5539,23/09/2010,353,50,1,1
1604,23/09/2010,353,50,1,1
1082,24/09/2010,354,50,1,1
1169,24/09/2010,354,50,1,1
1795,25/09/2010,355,50,1,1
1278,25/09/2010,355,50,1,1
2055,26/09/2010,356,50,1,1
1174,26/09/2010,356,50,1,1
1157,27/09/2010,357,50,1,1
1110,28/09/2010,358,51,1,1
4048,29/09/2010,359,51,1,1
1281,29/09/2010,359,51,1,1
1607,29/09/2010,359,51,1,1
2116,30/09/2010,360,51,1,1
1088,30/09/2010,360,51,1,1
1753,1/10/2010,361,51,2,1
1116,1/10/2010,361,51,2,1
1168,1/10/2010,361,51,1,1
4049,1/10/2010,361,51,1,1
1056,1/10/2010,361,51,1,1
1089,1/10/2010,361,51,1,1
3361,2/10/2010,362,51,1,1
1048,2/10/2010,362,51,1,1
2056,3/10/2010,363,51,1,1
1184,4/10/2010,364,51,1,1
1186,5/10/2010,365,52,1,1
2765,6/10/2010,366,52,2,1
2755,6/10/2010,366,52,2,1
1606,7/10/2010,367,52,1,1
4050,8/10/2010,368,52,1,1
1202,8/10/2010,368,52,1,1
1171,8/10/2010,368,52,1,1
2057,9/10/2010,369,52,1,1
1818,9/10/2010,369,52,1,1
1408,9/10/2010,369,52,1,1
1280,10/10/2010,370,52,1,1
2911,10/10/2010,370,52,1,1
1407,10/10/2010,370,52,1,1
2897,10/10/2010,370,52,1,1
1189,11/10/2010,371,52,2,1
2097,11/10/2010,371,52,1,1
1191,11/10/2010,371,52,1,1
1611,12/10/2010,372,53,13,1
1619,12/10/2010,372,53,1,1
1530,12/10/2010,372,53,1,1
637,12/10/2010,372,53,1,1
1418,13/10/2010,373,53,1,1
2093,13/10/2010,373,53,1,1
1414,14/10/2010,374,53,1,1
1415,14/10/2010,374,53,1,1
2061,15/10/2010,375,53,1,1
1532,15/10/2010,375,53,1,1
2091,16/10/2010,376,53,1,1
2090,17/10/2010,377,53,1,1
2062,18/10/2010,378,53,1,1
2654,18/10/2010,378,53,1,1
1937,18/10/2010,378,53,1,1
3500,18/10/2010,378,53,1,1
2092,18/10/2010,378,53,1,1
1672,19/10/2010,379,54,1,1
1533,19/10/2010,379,54,1,1
1941,20/10/2010,380,54,2,1
2455,20/10/2010,380,54,1,1
1671,20/10/2010,380,54,1,1
1687,21/10/2010,381,54,1,1
2218,21/10/2010,381,54,1,1
2653,22/10/2010,382,54,1,1
1534,23/10/2010,383,54,1,1
3669,23/10/2010,383,54,1,1
3668,23/10/2010,383,54,1,1
2054,24/10/2010,384,54,1,1
1816,25/10/2010,385,54,1,1
1958,25/10/2010,385,54,1,1
1767,25/10/2010,385,54,1,1
4051,26/10/2010,386,55,1,1
1814,26/10/2010,386,55,1,1
1910,26/10/2010,386,55,1,1
2420,26/10/2010,386,55,1,1
1959,26/10/2010,386,55,1,1
1962,27/10/2010,387,55,1,1
2139,27/10/2010,387,55,1,1
2912,27/10/2010,387,55,1,1
1583,27/10/2010,387,55,1,1
1961,27/10/2010,387,55,1,1
4052,28/10/2010,388,55,9,1
2652,28/10/2010,388,55,1,1
1626,28/10/2010,388,55,1,1
1603,28/10/2010,388,55,1,1
1572,28/10/2010,388,55,1,1
1913,28/10/2010,388,55,1,1
1573,28/10/2010,388,55,1,1
2651,28/10/2010,388,55,1,1
2913,29/10/2010,389,55,1,1
4229,29/10/2010,389,55,1,1
1674,29/10/2010,389,55,1,1
1625,30/10/2010,390,55,1,1
1692,30/10/2010,390,55,1,1
1642,30/10/2010,390,55,1,1
1963,30/10/2010,390,55,1,1
4698,1/11/2010,392,55,1,1
1643,1/11/2010,392,55,1,1
2355,1/11/2010,392,55,1,1
4699,1/11/2010,392,55,1,1
2650,2/11/2010,393,56,1,1
3499,2/11/2010,393,56,1,1
2544,2/11/2010,393,56,1,1
2428,2/11/2010,393,56,1,1
1813,2/11/2010,393,56,1,1
1794,2/11/2010,393,56,1,1
2456,3/11/2010,394,56,1,1
1733,3/11/2010,394,56,1,1
2503,3/11/2010,394,56,1,1
4053,3/11/2010,394,56,1,1
1812,4/11/2010,395,56,1,1
2543,5/11/2010,396,56,2,1
2217,5/11/2010,396,56,1,1
2799,5/11/2010,396,56,1,1
2089,5/11/2010,396,56,1,1
1803,5/11/2010,396,56,1,1
1942,5/11/2010,396,56,1,1
2649,5/11/2010,396,56,1,1
4054,5/11/2010,396,56,1,1
1799,5/11/2010,396,56,1,1
1966,6/11/2010,397,56,1,1
4700,6/11/2010,397,56,1,1
2647,6/11/2010,397,56,1,1
1907,6/11/2010,397,56,1,1
2236,7/11/2010,398,56,1,1
1912,7/11/2010,398,56,1,1
1909,8/11/2010,399,56,2,1
2429,8/11/2010,399,56,1,1
2340,9/11/2010,400,57,1,1
2430,9/11/2010,400,57,1,1
2914,9/11/2010,400,57,1,1
2135,9/11/2010,400,57,1,1
2378,9/11/2010,400,57,1,1
2423,11/11/2010,402,57,1,1
1868,11/11/2010,402,57,1,1
4056,11/11/2010,402,57,1,1
4057,12/11/2010,403,57,1,1
1908,12/11/2010,403,57,1,1
1967,14/11/2010,405,57,1,1
1980,14/11/2010,405,57,1,1
2800,15/11/2010,406,57,1,1
2214,15/11/2010,406,57,1,1
2513,15/11/2010,406,57,1,1
2890,16/11/2010,407,58,1,1
2915,16/11/2010,407,58,1,1
2143,16/11/2010,407,58,1,1
2431,16/11/2010,407,58,1,1
2523,16/11/2010,407,58,1,1
2115,16/11/2010,407,58,1,1
2144,17/11/2010,408,58,2,1
2046,18/11/2010,409,58,1,1
2142,18/11/2010,409,58,1,1
2044,18/11/2010,409,58,1,1
4058,18/11/2010,409,58,1,1
2754,18/11/2010,409,58,1,1
2137,18/11/2010,409,58,1,1
2816,18/11/2010,409,58,1,1
2117,19/11/2010,410,58,12,1
2138,19/11/2010,410,58,1,1
2255,20/11/2010,411,58,1,1
4059,20/11/2010,411,58,1,1
2168,20/11/2010,411,58,1,1
3510,21/11/2010,412,58,1,1
2161,21/11/2010,412,58,1,1
2916,21/11/2010,412,58,1,1
3511,22/11/2010,413,58,1,1
2521,22/11/2010,413,58,1,1
2490,22/11/2010,413,58,1,1
2409,22/11/2010,413,58,1,1
2435,23/11/2010,414,59,2,1
2467,23/11/2010,414,59,1,1
2432,23/11/2010,414,59,1,1
2514,23/11/2010,414,59,1,1
2213,23/11/2010,414,59,1,1
2437,24/11/2010,415,59,1,1
2254,24/11/2010,415,59,1,1
2648,24/11/2010,415,59,1,1
4701,24/11/2010,415,59,1,1
2377,24/11/2010,415,59,1,1
2250,25/11/2010,416,59,1,1
4060,25/11/2010,416,59,1,1
2251,25/11/2010,416,59,1,1
2317,26/11/2010,417,59,1,1
2253,26/11/2010,417,59,1,1
2509,27/11/2010,418,59,1,1
2659,27/11/2010,418,59,1,1
4061,27/11/2010,418,59,1,1
2658,28/11/2010,419,59,1,1
2508,28/11/2010,419,59,1,1
2522,29/11/2010,420,59,1,1
2507,30/11/2010,421,60,1,1
3038,1/12/2010,422,60,6,1
2510,1/12/2010,422,60,1,1
2499,1/12/2010,422,60,1,1
2506,1/12/2010,422,60,1,1
2990,2/12/2010,423,60,1,1
2621,2/12/2010,423,60,1,1
2407,2/12/2010,423,60,1,1
2917,3/12/2010,424,60,1,1
2751,4/12/2010,425,60,2,1
3113,4/12/2010,425,60,2,1
2524,5/12/2010,426,60,1,1
2657,5/12/2010,426,60,1,1
4062,5/12/2010,426,60,1,1
2542,5/12/2010,426,60,1,1
2443,6/12/2010,427,60,1,1
2486,6/12/2010,427,60,1,1
2463,6/12/2010,427,60,1,1
2660,6/12/2010,427,60,1,1
2661,6/12/2010,427,60,1,1
2988,7/12/2010,428,61,1,1
636,8/12/2010,429,61,1,1
3112,8/12/2010,429,61,1,1
3498,11/12/2010,432,61,1,1
3224,11/12/2010,432,61,1,1
2752,11/12/2010,432,61,1,1
2815,12/12/2010,433,61,1,1
2663,13/12/2010,434,61,1,1
2766,13/12/2010,434,61,1,1
2662,14/12/2010,435,62,1,1
3516,15/12/2010,436,62,1,1
3288,15/12/2010,436,62,1,1
2918,15/12/2010,436,62,1,1
2792,15/12/2010,436,62,1,1
2872,16/12/2010,437,62,1,1
2718,16/12/2010,437,62,1,1
3020,16/12/2010,437,62,1,1
2434,16/12/2010,437,62,1,1
3399,17/12/2010,438,62,1,1
2743,17/12/2010,438,62,1,1
2801,20/12/2010,441,62,1,1
3368,20/12/2010,441,62,1,1
3115,20/12/2010,441,62,1,1
2786,20/12/2010,441,62,1,1
2873,20/12/2010,441,62,1,1
2985,20/12/2010,441,62,1,1
2722,20/12/2010,441,62,1,1
2874,21/12/2010,442,63,1,1
3497,22/12/2010,443,63,1,1
2767,22/12/2010,443,63,1,1
2785,24/12/2010,445,63,1,1
2784,24/12/2010,445,63,1,1
4063,27/12/2010,448,63,1,1
3230,27/12/2010,448,63,1,1
2781,27/12/2010,448,63,1,1
2984,27/12/2010,448,63,1,1
2780,28/12/2010,449,64,1,1
4702,28/12/2010,449,64,1,1
2356,29/12/2010,450,64,2,1
2438,29/12/2010,450,64,1,1
2875,29/12/2010,450,64,1,1
2782,30/12/2010,451,64,2,1
2440,30/12/2010,451,64,1,1
2790,30/12/2010,451,64,1,1
2820,3/01/2011,455,64,1,1
3231,3/01/2011,455,64,1,1
3232,3/01/2011,455,64,1,1
2821,3/01/2011,455,64,1,1
2904,4/01/2011,456,65,3,1
2964,4/01/2011,456,65,2,1
2818,4/01/2011,456,65,1,1
2877,4/01/2011,456,65,1,1
2965,4/01/2011,456,65,1,1
2817,5/01/2011,457,65,1,1
2870,5/01/2011,457,65,1,1
3255,5/01/2011,457,65,1,1
2919,6/01/2011,458,65,1,1
3233,6/01/2011,458,65,1,1
2973,6/01/2011,458,65,1,1
3401,6/01/2011,458,65,1,1
3495,6/01/2011,458,65,1,1
3496,6/01/2011,458,65,1,1
2868,7/01/2011,459,65,1,1
3447,7/01/2011,459,65,1,1
2846,8/01/2011,460,65,5,1
3430,8/01/2011,460,65,1,1
2865,8/01/2011,460,65,1,1
3435,9/01/2011,461,65,1,1
3242,9/01/2011,461,65,1,1
2876,9/01/2011,461,65,1,1
3362,9/01/2011,461,65,1,1
2852,10/01/2011,462,65,4,1
4064,11/01/2011,463,66,2,1
4065,11/01/2011,463,66,2,1
2862,11/01/2011,463,66,1,1
3026,11/01/2011,463,66,1,1
2923,11/01/2011,463,66,1,1
3234,12/01/2011,464,66,1,1
2924,12/01/2011,464,66,1,1
2961,12/01/2011,464,66,1,1
2871,12/01/2011,464,66,1,1
2898,13/01/2011,465,66,1,1
3116,14/01/2011,466,66,1,1
2951,15/01/2011,467,66,2,1
2886,15/01/2011,467,66,1,1
3021,16/01/2011,468,66,1,1
3025,16/01/2011,468,66,1,1
3019,16/01/2011,468,66,1,1
2952,17/01/2011,469,66,2,1
3235,17/01/2011,469,66,1,1
2907,17/01/2011,469,66,1,1
3367,17/01/2011,469,66,1,1
3013,17/01/2011,469,66,1,1
3090,17/01/2011,469,66,1,1
2972,17/01/2011,469,66,1,1
2941,17/01/2011,469,66,1,1
2930,17/01/2011,469,66,1,1
2922,18/01/2011,470,67,1,1
2968,18/01/2011,470,67,1,1
2957,19/01/2011,471,67,1,1
2978,19/01/2011,471,67,1,1
3244,19/01/2011,471,67,1,1
3449,19/01/2011,471,67,1,1
2954,21/01/2011,473,67,2,1
2974,21/01/2011,473,67,1,1
2953,21/01/2011,473,67,1,1
3304,22/01/2011,474,67,6,1
3434,23/01/2011,475,67,1,1
3415,23/01/2011,475,67,1,1
2959,24/01/2011,476,67,6,1
3280,24/01/2011,476,67,1,1
2976,24/01/2011,476,67,1,1
2987,25/01/2011,477,68,1,1
3267,25/01/2011,477,68,1,1
3256,25/01/2011,477,68,1,1
3429,26/01/2011,478,68,1,1
2977,27/01/2011,479,68,1,1
3117,27/01/2011,479,68,1,1
3366,28/01/2011,480,68,1,1
3266,28/01/2011,480,68,1,1
3667,28/01/2011,480,68,1,1
3023,28/01/2011,480,68,1,1
3173,29/01/2011,481,68,1,1
3236,30/01/2011,482,68,1,1
3287,30/01/2011,482,68,1,1
3416,30/01/2011,482,68,1,1
3171,30/01/2011,482,68,1,1
3024,30/01/2011,482,68,1,1
2969,31/01/2011,483,68,1,1
3670,31/01/2011,483,68,1,1
3417,31/01/2011,483,68,1,1
3241,31/01/2011,483,68,1,1
2979,1/02/2011,484,69,1,1
2997,1/02/2011,484,69,1,1
3122,1/02/2011,484,69,1,1
2991,1/02/2011,484,69,1,1
2996,1/02/2011,484,69,1,1
3243,1/02/2011,484,69,1,1
3123,2/02/2011,485,69,1,1
3310,2/02/2011,485,69,1,1
3055,3/02/2011,486,69,1,1
3154,3/02/2011,486,69,1,1
3054,4/02/2011,487,69,1,1
3494,4/02/2011,487,69,1,1
3053,5/02/2011,488,69,1,1
3059,5/02/2011,488,69,1,1
3028,5/02/2011,488,69,1,1
3030,6/02/2011,489,69,1,1
3119,7/02/2011,490,69,1,1
4703,7/02/2011,490,69,1,1
3261,7/02/2011,490,69,1,1
3022,7/02/2011,490,69,1,1
3040,7/02/2011,490,69,1,1
3420,8/02/2011,491,70,1,1
4088,8/02/2011,491,70,1,1
3279,8/02/2011,491,70,1,1
4066,9/02/2011,492,70,1,1
4067,9/02/2011,492,70,1,1
3253,9/02/2011,492,70,1,1
3060,9/02/2011,492,70,1,1
3089,10/02/2011,493,70,1,1
3118,11/02/2011,494,70,1,1
7836,11/02/2011,494,70,1,1
3237,11/02/2011,494,70,1,1
3270,11/02/2011,494,70,1,1
3402,12/02/2011,495,70,6,1
3428,14/02/2011,497,70,1,1
3598,14/02/2011,497,70,1,1
3534,14/02/2011,497,70,1,1
3169,15/02/2011,498,71,1,1
3433,15/02/2011,498,71,1,1
3251,15/02/2011,498,71,1,1
3177,15/02/2011,498,71,1,1
3342,16/02/2011,499,71,1,1
3210,16/02/2011,499,71,1,1
3167,16/02/2011,499,71,1,1
3403,17/02/2011,500,71,1,1
3207,18/02/2011,501,71,1,1
3202,18/02/2011,501,71,1,1
3170,18/02/2011,501,71,1,1
3278,20/02/2011,503,71,1,1
3365,20/02/2011,503,71,1,1
3311,21/02/2011,504,71,3,1
3596,21/02/2011,504,71,1,1
3245,21/02/2011,504,71,1,1
3414,22/02/2011,505,72,1,1
3290,23/02/2011,506,72,1,1
3209,23/02/2011,506,72,1,1
3211,23/02/2011,506,72,1,1
4068,23/02/2011,506,72,1,1
3364,25/02/2011,508,72,1,1
3226,25/02/2011,508,72,1,1
3272,25/02/2011,508,72,1,1
3225,26/02/2011,509,72,1,1
3286,26/02/2011,509,72,1,1
3273,27/02/2011,510,72,1,1
3227,1/03/2011,512,73,6,1
4069,3/03/2011,514,73,1,1
3297,3/03/2011,514,73,1,1
3302,4/03/2011,515,73,1,1
3404,4/03/2011,515,73,1,1
3323,6/03/2011,517,73,11,1
3300,6/03/2011,517,73,1,1
3298,7/03/2011,518,73,1,1
3306,7/03/2011,518,73,1,1
3405,8/03/2011,519,74,1,1
3305,8/03/2011,519,74,1,1
3406,8/03/2011,519,74,1,1
3315,9/03/2011,520,74,1,1
3363,9/03/2011,520,74,1,1
3314,10/03/2011,521,74,1,1
3407,10/03/2011,521,74,1,1
3318,11/03/2011,522,74,1,1
3475,11/03/2011,522,74,1,1
4070,11/03/2011,522,74,1,1
4071,12/03/2011,523,74,1,1
3317,13/03/2011,524,74,1,1
4072,14/03/2011,525,74,1,1
3319,15/03/2011,526,75,1,1
3408,15/03/2011,526,75,1,1
3450,17/03/2011,528,75,1,1
3321,18/03/2011,529,75,1,1
3339,20/03/2011,531,75,1,1
3327,20/03/2011,531,75,1,1
3330,21/03/2011,532,75,1,1
4073,22/03/2011,533,76,1,1
3411,22/03/2011,533,76,1,1
3325,22/03/2011,533,76,1,1
4074,22/03/2011,533,76,1,1
3324,22/03/2011,533,76,1,1
3527,25/03/2011,536,76,1,1
3331,25/03/2011,536,76,1,1
3530,25/03/2011,536,76,1,1
3341,25/03/2011,536,76,1,1
3451,26/03/2011,537,76,1,1
3535,27/03/2011,538,76,2,1
3412,27/03/2011,538,76,2,1
6002,28/03/2011,539,76,1,1
3522,30/03/2011,541,77,1,1
6003,30/03/2011,541,77,1,1
3419,30/03/2011,541,77,1,1
3418,30/03/2011,541,77,1,1
5998,31/03/2011,542,77,1,1
4075,31/03/2011,542,77,1,1
3421,2/04/2011,544,77,1,1
3390,4/04/2011,546,77,1,1
4077,4/04/2011,546,77,1,1
3452,4/04/2011,546,77,1,1
4076,4/04/2011,546,77,1,1
4079,5/04/2011,547,78,5,1
3424,5/04/2011,547,78,2,1
4078,5/04/2011,547,78,5,1
4080,5/04/2011,547,78,5,1
3423,5/04/2011,547,78,2,1
4081,5/04/2011,547,78,5,1
4082,5/04/2011,547,78,5,1
4083,6/04/2011,548,78,1,1
6004,6/04/2011,548,78,1,1
3431,7/04/2011,549,78,1,1
3456,7/04/2011,549,78,1,1
3432,7/04/2011,549,78,1,1
3956,8/04/2011,550,78,5,1
6005,9/04/2011,551,78,1,1
3458,9/04/2011,551,78,1,1
3464,11/04/2011,553,78,1,1
3460,11/04/2011,553,78,1,1
3466,12/04/2011,554,79,1,1
6008,13/04/2011,555,79,3,1
6006,13/04/2011,555,79,1,1
6007,13/04/2011,555,79,1,1
3463,14/04/2011,556,79,1,1
3582,15/04/2011,557,79,1,1
6000,16/04/2011,558,79,1,1
3490,17/04/2011,559,79,1,1
3942,18/04/2011,560,79,1,1
3524,19/04/2011,561,80,1,1
3586,20/04/2011,562,80,1,1
6001,24/04/2011,566,80,1,1
3561,25/04/2011,567,80,1,1
3588,25/04/2011,567,80,1,1
3503,26/04/2011,568,81,1,1
3471,27/04/2011,569,81,1,1
3489,28/04/2011,570,81,1,1
3592,28/04/2011,570,81,1,1
3474,29/04/2011,571,81,1,1
3890,30/04/2011,572,81,1,1
3943,30/04/2011,572,81,1,1
3600,2/05/2011,574,81,3,1
3525,3/05/2011,575,82,1,1
3601,4/05/2011,576,82,3,1
3602,4/05/2011,576,82,3,1
3718,4/05/2011,576,82,1,1
3504,4/05/2011,576,82,1,1
3892,4/05/2011,576,82,1,1
3506,7/05/2011,579,82,1,1
3581,7/05/2011,579,82,1,1
3893,7/05/2011,579,82,1,1
3565,9/05/2011,581,82,1,1
3505,9/05/2011,581,82,1,1
3591,9/05/2011,581,82,1,1
3480,9/05/2011,581,82,1,1
3593,10/05/2011,582,83,1,1
3589,12/05/2011,584,83,1,1
3531,15/05/2011,587,83,1,1
3894,16/05/2011,588,83,1,1
3639,18/05/2011,590,84,1,1
3642,20/05/2011,592,84,1,1
3540,21/05/2011,593,84,1,1
3538,22/05/2011,594,84,1,1
3556,23/05/2011,595,84,1,1
3944,23/05/2011,595,84,1,1
3557,23/05/2011,595,84,1,1
3549,24/05/2011,596,85,1,1
3543,25/05/2011,597,85,1,1
3548,25/05/2011,597,85,1,1
3594,27/05/2011,599,85,1,1
3643,29/05/2011,601,85,1,1
3622,30/05/2011,602,85,1,1
3568,30/05/2011,602,85,1,1
3885,31/05/2011,603,86,1,1
3590,2/06/2011,605,86,1,1
3608,3/06/2011,606,86,1,1
3609,3/06/2011,606,86,1,1
12046,6/06/2011,609,86,1,1
3610,7/06/2011,610,87,1,1
3758,7/06/2011,610,87,1,1
3636,7/06/2011,610,87,1,1
3597,8/06/2011,611,87,1,1
3628,9/06/2011,612,87,6,1
3638,10/06/2011,613,87,1,1
3658,11/06/2011,614,87,1,1
3889,12/06/2011,615,87,1,1
3945,12/06/2011,615,87,1,1
3637,14/06/2011,617,88,1,1
3946,15/06/2011,618,88,1,1
3641,16/06/2011,619,88,1,1
3947,17/06/2011,620,88,1,1
3651,18/06/2011,621,88,1,1
3948,20/06/2011,623,88,1,1
3680,21/06/2011,624,89,2,1
3396,21/06/2011,624,89,1,1
3657,22/06/2011,625,89,1,1
3645,23/06/2011,626,89,1,1
4168,24/06/2011,627,89,1,1
3682,24/06/2011,627,89,1,1
3683,25/06/2011,628,89,1,1
3925,27/06/2011,630,89,1,1
3949,28/06/2011,631,90,1,1
3679,28/06/2011,631,90,1,1
3674,29/06/2011,632,90,1,1
3671,30/06/2011,633,90,1,1
3678,2/07/2011,635,90,1,1
3756,2/07/2011,635,90,1,1
3693,4/07/2011,637,90,1,1
3755,9/07/2011,642,91,1,1
3757,10/07/2011,643,91,1,1
3769,16/07/2011,649,92,5,1
3708,16/07/2011,649,92,1,1
3737,17/07/2011,650,92,1,1
3739,17/07/2011,650,92,1,1
3736,19/07/2011,652,93,1,1
3776,24/07/2011,657,93,1,1
3738,25/07/2011,658,93,1,1
3741,26/07/2011,659,94,1,1
3780,27/07/2011,660,94,1,1
3786,27/07/2011,660,94,1,1
3881,28/07/2011,661,94,1,1
3753,28/07/2011,661,94,1,1
3742,29/07/2011,662,94,1,1
3882,30/07/2011,663,94,1,1
3785,30/07/2011,663,94,1,1
3884,31/07/2011,664,94,1,1
3883,31/07/2011,664,94,1,1
3839,1/08/2011,665,94,1,1
3787,3/08/2011,667,95,1,1
4169,3/08/2011,667,95,1,1
3950,6/08/2011,670,95,1,1
4170,6/08/2011,670,95,1,1
3880,6/08/2011,670,95,1,1
4171,7/08/2011,671,95,1,1
3873,9/08/2011,673,96,3,1
3806,9/08/2011,673,96,1,1
3969,11/08/2011,675,96,1,1
3951,11/08/2011,675,96,1,1
3871,11/08/2011,675,96,1,1
4029,12/08/2011,676,96,1,1
4172,12/08/2011,676,96,1,1
4728,13/08/2011,677,96,1,1
3877,13/08/2011,677,96,1,1
4729,13/08/2011,677,96,1,1
5537,14/08/2011,678,96,1,1
3952,15/08/2011,679,96,1,1
3986,18/08/2011,682,97,1,1
4202,18/08/2011,682,97,1,1
3953,18/08/2011,682,97,1,1
3988,18/08/2011,682,97,1,1
3954,20/08/2011,684,97,1,1
6043,20/08/2011,684,97,1,1
4150,22/08/2011,686,97,1,1
3933,22/08/2011,686,97,1,1
3985,23/08/2011,687,98,1,1
4301,24/08/2011,688,98,1,1
3924,24/08/2011,688,98,1,1
3955,25/08/2011,689,98,1,1
5540,28/08/2011,692,98,3,1
4032,28/08/2011,692,98,1,1
4026,29/08/2011,693,98,1,1
4249,30/08/2011,694,99,1,1
4250,2/09/2011,697,99,1,1
4173,2/09/2011,697,99,1,1
4247,3/09/2011,698,99,1,1
4730,5/09/2011,700,99,1,1
4091,5/09/2011,700,99,1,1
5536,5/09/2011,700,99,1,1
4302,5/09/2011,700,99,1,1
4151,6/09/2011,701,100,1,1
4346,6/09/2011,701,100,1,1
4483,6/09/2011,701,100,1,1
4924,6/09/2011,701,100,1,1
5717,7/09/2011,702,100,1,1
4731,9/09/2011,704,100,1,1
4265,9/09/2011,704,100,1,1
4925,9/09/2011,704,100,1,1
4409,10/09/2011,705,100,1,1
4689,11/09/2011,706,100,1,1
4691,13/09/2011,708,101,1,1
5425,14/09/2011,709,101,1,1
4410,15/09/2011,710,101,1,1
4485,17/09/2011,712,101,1,1
4359,17/09/2011,712,101,1,1
4358,17/09/2011,712,101,1,1
4360,18/09/2011,713,101,1,1
4693,18/09/2011,713,101,1,1
4357,18/09/2011,713,101,1,1
4356,19/09/2011,714,101,1,1
4389,21/09/2011,716,102,1,1
4732,22/09/2011,717,102,1,1
4692,24/09/2011,719,102,1,1
4799,26/09/2011,721,102,1,1
4393,27/09/2011,722,103,1,1
4694,28/09/2011,723,103,1,1
4433,1/10/2011,726,103,1,1
4630,1/10/2011,726,103,1,1
4444,1/10/2011,726,103,1,1
5525,2/10/2011,727,103,1,1
5526,2/10/2011,727,103,1,1
4437,3/10/2011,728,103,1,1
6047,3/10/2011,728,103,1,1
4704,4/10/2011,729,104,1,1
4448,4/10/2011,729,104,1,1
5427,4/10/2011,729,104,1,1
4734,4/10/2011,729,104,1,1
4736,5/10/2011,730,104,1,1
4491,6/10/2011,731,104,1,1
4749,8/10/2011,733,104,1,1
5426,9/10/2011,734,104,1,1
5228,9/10/2011,734,104,1,1
4627,9/10/2011,734,104,1,1
4751,10/10/2011,735,104,1,1
5528,10/10/2011,735,104,1,1
6046,11/10/2011,736,105,1,1
4715,12/10/2011,737,105,1,1
4714,12/10/2011,737,105,1,1
4752,13/10/2011,738,105,1,1
4795,13/10/2011,738,105,1,1
4739,14/10/2011,739,105,9,1
5529,15/10/2011,740,105,1,1
4794,17/10/2011,742,105,1,1
4737,17/10/2011,742,105,1,1
4738,17/10/2011,742,105,1,1
6300,17/10/2011,742,105,1,1
4690,17/10/2011,742,105,1,1
4805,18/10/2011,743,106,4,1
6045,18/10/2011,743,106,1,1
7466,18/10/2011,743,106,1,1
5229,18/10/2011,743,106,1,1
4771,19/10/2011,744,106,1,1
4735,19/10/2011,744,106,1,1
4770,20/10/2011,745,106,1,1
4917,20/10/2011,745,106,1,1
4772,20/10/2011,745,106,1,1
5227,21/10/2011,746,106,1,1
4779,21/10/2011,746,106,1,1
4777,21/10/2011,746,106,1,1
5530,22/10/2011,747,106,1,1
4801,22/10/2011,747,106,1,1
4904,22/10/2011,747,106,1,1
5053,24/10/2011,749,106,1,1
4793,25/10/2011,750,107,1,1
4815,25/10/2011,750,107,1,1
5015,26/10/2011,751,107,3,1
5258,26/10/2011,751,107,1,1
5428,26/10/2011,751,107,1,1
9000,26/10/2011,751,107,1,1
4800,26/10/2011,751,107,1,1
5016,27/10/2011,752,107,3,1
5017,27/10/2011,752,107,4,1
5230,27/10/2011,752,107,1,1
6135,27/10/2011,752,107,1,1
5189,27/10/2011,752,107,1,1
4811,27/10/2011,752,107,1,1
5052,27/10/2011,752,107,1,1
5640,27/10/2011,752,107,1,1
5639,29/10/2011,754,107,1,1
4816,29/10/2011,754,107,1,1
5641,30/10/2011,755,107,1,1
5534,30/10/2011,755,107,1,1
5642,30/10/2011,755,107,1,1
4923,31/10/2011,756,107,1,1
5259,31/10/2011,756,107,1,1
5535,31/10/2011,756,107,1,1
4888,1/11/2011,757,108,1,1
4889,1/11/2011,757,108,1,1
5065,2/11/2011,758,108,1,1
4919,2/11/2011,758,108,1,1
4920,2/11/2011,758,108,1,1
5644,3/11/2011,759,108,1,1
4979,3/11/2011,759,108,1,1
5465,3/11/2011,759,108,1,1
5055,3/11/2011,759,108,1,1
6042,5/11/2011,761,108,1,1
4980,5/11/2011,761,108,1,1
5533,6/11/2011,762,108,1,1
5643,6/11/2011,762,108,1,1
5531,7/11/2011,763,108,1,1
5062,7/11/2011,763,108,1,1
5061,7/11/2011,763,108,1,1
5532,8/11/2011,764,109,1,1
5464,8/11/2011,764,109,1,1
5018,8/11/2011,764,109,1,1
5063,9/11/2011,765,109,1,1
6040,9/11/2011,765,109,1,1
6286,9/11/2011,765,109,1,1
5269,10/11/2011,766,109,1,1
5718,10/11/2011,766,109,1,1
5116,10/11/2011,766,109,1,1
5260,10/11/2011,766,109,1,1
5064,11/11/2011,767,109,1,1
5066,11/11/2011,767,109,1,1
9718,11/11/2011,767,109,1,1
5151,12/11/2011,768,109,1,1
6044,15/11/2011,771,110,1,1
5462,15/11/2011,771,110,1,1
5268,16/11/2011,772,110,1,1
5651,18/11/2011,774,110,1,1
5653,19/11/2011,775,110,1,1
5654,19/11/2011,775,110,1,1
5424,20/11/2011,776,110,1,1
5226,21/11/2011,777,110,1,1
5652,21/11/2011,777,110,1,1
5257,21/11/2011,777,110,1,1
6396,23/11/2011,779,111,1,1
6395,23/11/2011,779,111,1,1
5646,25/11/2011,781,111,1,1
5648,26/11/2011,782,111,3,1
5649,26/11/2011,782,111,3,1
5650,26/11/2011,782,111,3,1
5719,26/11/2011,782,111,1,1
5645,26/11/2011,782,111,1,1
7929,29/11/2011,785,112,1,1
5544,29/11/2011,785,112,1,1
5604,29/11/2011,785,112,1,1
5647,30/11/2011,786,112,1,1
7924,30/11/2011,786,112,1,1
5657,3/12/2011,789,112,1,1
3110,4/12/2011,790,112,1,1
7916,5/12/2011,791,112,1,1
5542,5/12/2011,791,112,1,1
5432,6/12/2011,792,113,1,1
5460,7/12/2011,793,113,1,1
5551,8/12/2011,794,113,1,1
5461,8/12/2011,794,113,1,1
6302,8/12/2011,794,113,1,1
5541,8/12/2011,794,113,1,1
5601,9/12/2011,795,113,1,1
6119,10/12/2011,796,113,1,1
5502,11/12/2011,797,113,1,1
5598,12/12/2011,798,113,1,1
5472,12/12/2011,798,113,1,1
5990,12/12/2011,798,113,1,1
5501,13/12/2011,799,114,1,1
6717,14/12/2011,800,114,1,1
5552,14/12/2011,800,114,1,1
5655,16/12/2011,802,114,1,1
5602,18/12/2011,804,114,1,1
5543,19/12/2011,805,114,1,1
7918,21/12/2011,807,115,1,1
6144,22/12/2011,808,115,3,1
5992,22/12/2011,808,115,1,1
5600,23/12/2011,809,115,1,1
5993,23/12/2011,809,115,1,1
5608,23/12/2011,809,115,1,1
5638,24/12/2011,810,115,1,1
5722,25/12/2011,811,115,1,1
3517,27/12/2011,813,116,1,1
6728,30/12/2011,816,116,1,1
5755,30/12/2011,816,116,1,1
5721,30/12/2011,816,116,1,1
5994,31/12/2011,817,116,1,1
5753,3/01/2012,820,117,1,1
6553,3/01/2012,820,117,1,1
5723,3/01/2012,820,117,1,1
6714,4/01/2012,821,117,1,1
7930,4/01/2012,821,117,1,1
7917,5/01/2012,822,117,1,1
6344,6/01/2012,823,117,2,1
5817,6/01/2012,823,117,1,1
5849,6/01/2012,823,117,1,1
5818,7/01/2012,824,117,1,1
5737,8/01/2012,825,117,1,1
6732,8/01/2012,825,117,1,1
5819,9/01/2012,826,117,1,1
5820,10/01/2012,827,118,1,1
7007,10/01/2012,827,118,1,1
5732,10/01/2012,827,118,1,1
5821,11/01/2012,828,118,1,1
7925,12/01/2012,829,118,1,1
6123,12/01/2012,829,118,1,1
7931,12/01/2012,829,118,1,1
5752,13/01/2012,830,118,1,1
6124,14/01/2012,831,118,1,1
7927,14/01/2012,831,118,1,1
7926,14/01/2012,831,118,1,1
6731,15/01/2012,832,118,1,1
5829,15/01/2012,832,118,1,1
5834,15/01/2012,832,118,1,1
5764,16/01/2012,833,118,1,1
6779,17/01/2012,834,119,1,1
5833,17/01/2012,834,119,1,1
6713,19/01/2012,836,119,1,1
5756,19/01/2012,836,119,1,1
8169,20/01/2012,837,119,1,1
5825,21/01/2012,838,119,1,1
6735,21/01/2012,838,119,1,1
6125,23/01/2012,840,119,1,1
8175,23/01/2012,840,119,1,1
6122,23/01/2012,840,119,1,1
6346,24/01/2012,841,120,1,1
6343,26/01/2012,843,120,1,1
6220,26/01/2012,843,120,1,1
6795,27/01/2012,844,120,1,1
6037,30/01/2012,847,120,1,1
5846,30/01/2012,847,120,1,1
6342,30/01/2012,847,120,1,1
6316,1/02/2012,849,121,1,1
5852,2/02/2012,850,121,3,1
7195,2/02/2012,850,121,1,1
6781,3/02/2012,851,121,1,1
6221,3/02/2012,851,121,1,1
5981,3/02/2012,851,121,1,1
5854,3/02/2012,851,121,1,1
5847,5/02/2012,853,121,1,1
5848,7/02/2012,855,122,1,1
6341,7/02/2012,855,122,1,1
7192,8/02/2012,856,122,1,1
6020,10/02/2012,858,122,2,1
6021,10/02/2012,858,122,1,1
6127,11/02/2012,859,122,1,1
6899,13/02/2012,861,122,1,1
6442,13/02/2012,861,122,1,1
6033,14/02/2012,862,123,1,1
6317,16/02/2012,864,123,1,1
6034,16/02/2012,864,123,1,1
6035,17/02/2012,865,123,8,1
6026,17/02/2012,865,123,1,1
6340,18/02/2012,866,123,1,1
6128,20/02/2012,868,123,1,1
7932,24/02/2012,872,124,1,1
6304,26/02/2012,874,124,1,1
6339,26/02/2012,874,124,1,1
6796,27/02/2012,875,124,1,1
7928,27/02/2012,875,124,1,1
6782,28/02/2012,876,125,3,1
6231,28/02/2012,876,125,1,1
6347,28/02/2012,876,125,1,1
6785,28/02/2012,876,125,1,1
6259,29/02/2012,877,125,1,1
6260,29/02/2012,877,125,1,1
6552,1/03/2012,878,125,1,1
7566,3/03/2012,880,125,1,1
6354,4/03/2012,881,125,1,1
6357,5/03/2012,882,125,1,1
7596,7/03/2012,884,126,1,1
6791,8/03/2012,885,126,1,1
6700,8/03/2012,885,126,1,1
6701,8/03/2012,885,126,1,1
6474,15/03/2012,892,127,1,1
7922,19/03/2012,896,127,1,1
6696,20/03/2012,897,128,1,1
6534,22/03/2012,899,128,5,1
8099,23/03/2012,900,128,1,1
7599,23/03/2012,900,128,1,1
6535,24/03/2012,901,128,5,1
6697,25/03/2012,902,128,1,1
6783,26/03/2012,903,128,1,1
6797,27/03/2012,904,129,1,1
6834,29/03/2012,906,129,1,1
7601,30/03/2012,907,129,1,1
6780,30/03/2012,907,129,1,1
6907,30/03/2012,907,129,1,1
6662,1/04/2012,909,129,1,1
6765,1/04/2012,909,129,1,1
6663,2/04/2012,910,129,1,1
6874,3/04/2012,911,130,1,1
6875,3/04/2012,911,130,1,1
6905,4/04/2012,912,130,1,1
6836,4/04/2012,912,130,1,1
6835,5/04/2012,913,130,1,1
6740,5/04/2012,913,130,1,1
6901,6/04/2012,914,130,1,1
7567,7/04/2012,915,130,1,1
6790,7/04/2012,915,130,1,1
6763,7/04/2012,915,130,1,1
6792,8/04/2012,916,130,1,1
7568,9/04/2012,917,130,1,1
6762,9/04/2012,917,130,1,1
7027,10/04/2012,918,131,1,1
6749,10/04/2012,918,131,1,1
7569,11/04/2012,919,131,1,1
8166,11/04/2012,919,131,1,1
7421,12/04/2012,920,131,1,1
6800,12/04/2012,920,131,1,1
6847,12/04/2012,920,131,1,1
6814,13/04/2012,921,131,1,1
6812,13/04/2012,921,131,1,1
6009,13/04/2012,921,131,1,1
8098,13/04/2012,921,131,1,1
6764,14/04/2012,922,131,1,1
6775,14/04/2012,922,131,1,1
7381,14/04/2012,922,131,1,1
6811,15/04/2012,923,131,1,1
6903,15/04/2012,923,131,1,1
6817,15/04/2012,923,131,1,1
6871,16/04/2012,924,131,1,1
6773,16/04/2012,924,131,1,1
8097,16/04/2012,924,131,1,1
7218,16/04/2012,924,131,1,1
6784,16/04/2012,924,131,1,1
6821,17/04/2012,925,132,1,1
7219,19/04/2012,927,132,1,1
6887,19/04/2012,927,132,1,1
7193,20/04/2012,928,132,1,1
7220,20/04/2012,928,132,1,1
7194,22/04/2012,930,132,1,1
8028,23/04/2012,931,132,1,1
7430,25/04/2012,933,133,1,1
7225,25/04/2012,933,133,1,1
6010,25/04/2012,933,133,1,1
8024,26/04/2012,934,133,1,1
8170,27/04/2012,935,133,1,1
554,27/04/2012,935,133,1,1
7222,27/04/2012,935,133,1,1
6862,28/04/2012,936,133,1,1
6863,28/04/2012,936,133,1,1
553,28/04/2012,936,133,1,1
6904,28/04/2012,936,133,1,1
6839,28/04/2012,936,133,1,1
7059,30/04/2012,938,133,1,1
6846,30/04/2012,938,133,1,1
6953,1/05/2012,939,134,1,1
12044,1/05/2012,939,134,1,1
6950,1/05/2012,939,134,1,1
6886,2/05/2012,940,134,1,1
7605,3/05/2012,941,134,1,1
6951,4/05/2012,942,134,1,1
7517,5/05/2012,943,134,1,1
7019,5/05/2012,943,134,1,1
7229,5/05/2012,943,134,1,1
6947,6/05/2012,944,134,1,1
7122,7/05/2012,945,134,1,1
6975,8/05/2012,946,135,1,1
7385,8/05/2012,946,135,1,1
11785,9/05/2012,947,135,1,1
9717,9/05/2012,947,135,1,1
7519,9/05/2012,947,135,1,1
7020,10/05/2012,948,135,1,1
7231,10/05/2012,948,135,1,1
6977,10/05/2012,948,135,1,1
7021,10/05/2012,948,135,1,1
6990,10/05/2012,948,135,1,1
6991,11/05/2012,949,135,2,1
8171,11/05/2012,949,135,1,1
7121,11/05/2012,949,135,1,1
7607,11/05/2012,949,135,1,1
8177,12/05/2012,950,135,1,1
7236,13/05/2012,951,135,1,1
7031,15/05/2012,953,136,1,1
7608,15/05/2012,953,136,1,1
7520,16/05/2012,954,136,1,1
557,16/05/2012,954,136,1,1
7564,16/05/2012,954,136,1,1
12045,16/05/2012,954,136,1,1
7232,17/05/2012,955,136,1,1
7124,17/05/2012,955,136,1,1
7042,17/05/2012,955,136,1,1
7043,17/05/2012,955,136,1,1
785,18/05/2012,956,136,1,1
8073,18/05/2012,956,136,1,1
8172,18/05/2012,956,136,1,1
7090,19/05/2012,957,136,1,1
7107,20/05/2012,958,136,1,1
7191,20/05/2012,958,136,1,1
784,20/05/2012,958,136,1,1
7092,20/05/2012,958,136,1,1
7045,21/05/2012,959,136,1,1
7094,21/05/2012,959,136,1,1
7467,21/05/2012,959,136,1,1
7060,21/05/2012,959,136,1,1
7098,22/05/2012,960,137,1,1
7096,22/05/2012,960,137,1,1
7123,24/05/2012,962,137,1,1
7100,24/05/2012,962,137,1,1
7099,24/05/2012,962,137,1,1
6861,25/05/2012,963,137,1,1
8029,25/05/2012,963,137,1,1
7116,25/05/2012,963,137,1,1
7610,26/05/2012,964,137,1,1
8173,28/05/2012,966,137,1,1
7111,28/05/2012,966,137,1,1
8030,29/05/2012,967,138,1,1
7841,30/05/2012,968,138,1,1
7611,30/05/2012,968,138,1,1
8032,31/05/2012,969,138,1,1
8189,31/05/2012,969,138,1,1
7436,31/05/2012,969,138,1,1
7612,1/06/2012,970,138,2,1
8174,1/06/2012,970,138,1,1
7197,1/06/2012,970,138,1,1
7132,2/06/2012,971,138,1,1
7198,4/06/2012,973,138,6,1
9022,6/06/2012,975,139,1,1
7923,8/06/2012,977,139,1,1
7444,9/06/2012,978,139,1,1
10953,11/06/2012,980,139,1,1
8176,12/06/2012,981,140,1,1
7443,14/06/2012,983,140,1,1
7445,16/06/2012,985,140,1,1
7572,17/06/2012,986,140,1,1
7834,18/06/2012,987,140,2,1
8191,18/06/2012,987,140,1,1
7440,18/06/2012,987,140,1,1
7613,18/06/2012,987,140,1,1
8494,18/06/2012,987,140,1,1
7442,19/06/2012,988,141,1,1
7573,19/06/2012,988,141,1,1
7615,20/06/2012,989,141,1,1
7835,21/06/2012,990,141,2,1
8125,21/06/2012,990,141,1,1
7210,23/06/2012,992,141,1,1
7617,23/06/2012,992,141,1,1
8522,23/06/2012,992,141,1,1
8165,24/06/2012,993,141,1,1
7565,24/06/2012,993,141,1,1
7616,26/06/2012,995,142,1,1
7524,28/06/2012,997,142,1,1
8270,29/06/2012,998,142,1,1
8271,29/06/2012,998,142,1,1
8272,29/06/2012,998,142,1,1
7842,30/06/2012,999,142,1,1
7587,2/07/2012,1001,142,3,1
8178,5/07/2012,1004,143,1,1
7820,6/07/2012,1005,143,5,1
7852,9/07/2012,1008,143,1,1
8623,11/07/2012,1010,144,1,1
7673,11/07/2012,1010,144,1,1
7847,13/07/2012,1012,144,10,1
8269,13/07/2012,1012,144,1,1
7890,18/07/2012,1017,145,1,1
7756,19/07/2012,1018,145,1,1
7891,19/07/2012,1018,145,1,1
11784,19/07/2012,1018,145,1,1
9716,19/07/2012,1018,145,1,1
8058,20/07/2012,1019,145,1,1
8059,21/07/2012,1020,145,2,1
8267,24/07/2012,1023,146,1,1
8160,24/07/2012,1023,146,1,1
8268,24/07/2012,1023,146,1,1
8193,24/07/2012,1023,146,1,1
8162,26/07/2012,1025,146,1,1
8523,28/07/2012,1027,146,1,1
7821,28/07/2012,1027,146,1,1
7934,29/07/2012,1028,146,1,1
8266,30/07/2012,1029,146,1,1
7823,30/07/2012,1029,146,1,1
7826,30/07/2012,1029,146,1,1
7908,31/07/2012,1030,147,2,1
7833,1/08/2012,1031,147,12,1
9024,1/08/2012,1031,147,1,1
7846,2/08/2012,1032,147,1,1
9025,3/08/2012,1033,147,1,1
11068,6/08/2012,1036,147,1,1
8352,8/08/2012,1038,148,1,1
8179,9/08/2012,1039,148,1,1
8984,11/08/2012,1041,148,1,1
10018,11/08/2012,1041,148,1,1
9026,13/08/2012,1043,148,1,1
8579,16/08/2012,1046,149,1,1
10942,17/08/2012,1047,149,1,1
8263,18/08/2012,1048,149,1,1
8262,18/08/2012,1048,149,1,1
8258,21/08/2012,1051,150,1,1
8261,23/08/2012,1053,150,1,1
8443,23/08/2012,1053,150,1,1
9587,23/08/2012,1053,150,1,1
10016,25/08/2012,1055,150,1,1
10004,25/08/2012,1055,150,1,1
9588,26/08/2012,1056,150,1,1
8447,26/08/2012,1056,150,1,1
9027,28/08/2012,1058,151,1,1
8393,31/08/2012,1061,151,1,1
8787,1/09/2012,1062,151,1,1
9624,2/09/2012,1063,151,1,1
10015,5/09/2012,1066,152,1,1
9028,5/09/2012,1066,152,1,1
8985,6/09/2012,1067,152,1,1
9247,6/09/2012,1067,152,1,1
9539,9/09/2012,1070,152,1,1
8525,10/09/2012,1071,152,1,1
9590,11/09/2012,1072,153,1,1
8620,11/09/2012,1072,153,1,1
8763,12/09/2012,1073,153,3,1
8762,12/09/2012,1073,153,1,1
8765,13/09/2012,1074,153,3,1
8767,14/09/2012,1075,153,1,1
8662,17/09/2012,1078,153,1,1
19016,18/09/2012,1079,154,1,1
8621,19/09/2012,1080,154,1,1
10006,19/09/2012,1080,154,1,1
10007,19/09/2012,1080,154,1,1
9036,20/09/2012,1081,154,1,1
8766,22/09/2012,1083,154,1,1
10014,23/09/2012,1084,154,1,1
10013,24/09/2012,1085,154,1,1
8816,24/09/2012,1085,154,1,1
8764,24/09/2012,1085,154,1,1
9816,25/09/2012,1086,155,1,1
9469,26/09/2012,1087,155,1,1
8817,28/09/2012,1089,155,1,1
10945,29/09/2012,1090,155,2,1
10012,29/09/2012,1090,155,1,1
9821,29/09/2012,1090,155,1,1
9626,30/09/2012,1091,155,1,1
8814,30/09/2012,1091,155,1,1
10954,1/10/2012,1092,155,1,1
10102,1/10/2012,1092,155,1,1
9234,2/10/2012,1093,156,1,1
9988,2/10/2012,1093,156,1,1
9236,4/10/2012,1095,156,1,1
9822,5/10/2012,1096,156,1,1
10103,6/10/2012,1097,156,1,1
9968,7/10/2012,1098,156,1,1
9622,8/10/2012,1099,156,1,1
10099,8/10/2012,1099,156,1,1
10100,8/10/2012,1099,156,1,1
9470,9/10/2012,1100,157,1,1
9966,9/10/2012,1100,157,1,1
10205,10/10/2012,1101,157,5,1
9965,10/10/2012,1101,157,1,1
9353,10/10/2012,1101,157,1,1
9623,10/10/2012,1101,157,1,1
9354,10/10/2012,1101,157,1,1
9355,11/10/2012,1102,157,1,1
9004,11/10/2012,1102,157,1,1
9038,12/10/2012,1103,157,1,1
9030,12/10/2012,1103,157,1,1
9029,12/10/2012,1103,157,1,1
9034,12/10/2012,1103,157,1,1
10852,13/10/2012,1104,157,5,1
9338,14/10/2012,1105,157,1,1
9964,15/10/2012,1106,157,1,1
9356,15/10/2012,1106,157,1,1
9246,17/10/2012,1108,158,1,1
9339,17/10/2012,1108,158,1,1
9245,18/10/2012,1109,158,1,1
9357,19/10/2012,1110,158,1,1
9963,20/10/2012,1111,158,1,1
10105,20/10/2012,1111,158,1,1
9957,22/10/2012,1113,158,1,1
9956,22/10/2012,1113,158,1,1
9527,23/10/2012,1114,159,1,1
10970,23/10/2012,1114,159,1,1
9546,23/10/2012,1114,159,1,1
10853,23/10/2012,1114,159,1,1
10020,23/10/2012,1114,159,1,1
11825,24/10/2012,1115,159,1,1
9528,25/10/2012,1116,159,1,1
10023,26/10/2012,1117,159,1,1
12550,26/10/2012,1117,159,1,1
10854,26/10/2012,1117,159,1,1
9471,26/10/2012,1117,159,1,1
10106,26/10/2012,1117,159,1,1
9535,26/10/2012,1117,159,1,1
10024,28/10/2012,1119,159,1,1
10025,28/10/2012,1119,159,1,1
11824,29/10/2012,1120,159,1,1
9628,29/10/2012,1120,159,1,1
9537,29/10/2012,1120,159,1,1
9490,29/10/2012,1120,159,1,1
9529,30/10/2012,1121,160,4,1
9536,30/10/2012,1121,160,1,1
9627,31/10/2012,1122,160,1,1
9955,31/10/2012,1122,160,1,1
10011,1/11/2012,1123,160,1,1
9823,1/11/2012,1123,160,1,1
10082,2/11/2012,1124,160,1,1
10081,2/11/2012,1124,160,1,1
9824,3/11/2012,1125,160,1,1
10240,4/11/2012,1126,160,1,1
10251,4/11/2012,1126,160,1,1
10244,5/11/2012,1127,160,1,1
10010,5/11/2012,1127,160,1,1
9868,5/11/2012,1127,160,1,1
10083,5/11/2012,1127,160,1,1
9853,5/11/2012,1127,160,1,1
10009,6/11/2012,1128,161,1,1
9765,6/11/2012,1128,161,1,1
11121,6/11/2012,1128,161,1,1
12166,7/11/2012,1129,161,1,1
9858,7/11/2012,1129,161,1,1
9973,8/11/2012,1130,161,1,1
9815,8/11/2012,1130,161,1,1
9860,9/11/2012,1131,161,1,1
9859,9/11/2012,1131,161,1,1
10008,9/11/2012,1131,161,1,1
10501,10/11/2012,1132,161,1,1
9834,10/11/2012,1132,161,1,1
11823,11/11/2012,1133,161,1,1
10086,11/11/2012,1133,161,1,1
9833,11/11/2012,1133,161,1,1
10248,11/11/2012,1133,161,1,1
10087,11/11/2012,1133,161,1,1
9994,11/11/2012,1133,161,1,1
9869,12/11/2012,1134,161,1,1
9996,12/11/2012,1134,161,1,1
9962,12/11/2012,1134,161,1,1
9997,12/11/2012,1134,161,1,1
10089,12/11/2012,1134,161,1,1
10088,12/11/2012,1134,161,1,1
9855,13/11/2012,1135,162,1,1
10689,13/11/2012,1135,162,1,1
9998,13/11/2012,1135,162,1,1
9927,13/11/2012,1135,162,1,1
9999,14/11/2012,1136,162,1,1
11119,14/11/2012,1136,162,1,1
10203,14/11/2012,1136,162,1,1
10091,14/11/2012,1136,162,1,1
10002,15/11/2012,1137,162,1,1
10092,16/11/2012,1138,162,1,1
10855,17/11/2012,1139,162,3,1
10028,17/11/2012,1139,162,1,1
10685,17/11/2012,1139,162,1,1
9928,17/11/2012,1139,162,1,1
10031,19/11/2012,1141,162,8,1
10026,19/11/2012,1141,162,1,1
9929,19/11/2012,1141,162,1,1
10686,19/11/2012,1141,162,1,1
9926,19/11/2012,1141,162,1,1
9967,20/11/2012,1142,163,1,1
10688,20/11/2012,1142,163,1,1
10687,20/11/2012,1142,163,1,1
10033,20/11/2012,1142,163,1,1
11827,21/11/2012,1143,163,1,1
10529,21/11/2012,1143,163,1,1
13247,21/11/2012,1143,163,1,1
10034,22/11/2012,1144,163,8,1
11118,22/11/2012,1144,163,1,1
13248,22/11/2012,1144,163,1,1
10021,22/11/2012,1144,163,1,1
10645,22/11/2012,1144,163,1,1
10644,22/11/2012,1144,163,1,1
11826,24/11/2012,1146,163,1,1
10856,24/11/2012,1146,163,1,1
10245,24/11/2012,1146,163,1,1
10044,25/11/2012,1147,163,1,1
10647,25/11/2012,1147,163,1,1
13250,26/11/2012,1148,163,1,1
10080,26/11/2012,1148,163,1,1
10047,26/11/2012,1148,163,1,1
10095,26/11/2012,1148,163,1,1
10530,26/11/2012,1148,163,1,1
10206,26/11/2012,1148,163,1,1
10664,26/11/2012,1148,163,1,1
10663,26/11/2012,1148,163,1,1
10079,26/11/2012,1148,163,1,1
13249,26/11/2012,1148,163,1,1
10502,27/11/2012,1149,164,1,1
13251,28/11/2012,1150,164,1,1
10094,28/11/2012,1150,164,1,1
10093,28/11/2012,1150,164,1,1
10090,28/11/2012,1150,164,1,1
10101,28/11/2012,1150,164,1,1
12118,29/11/2012,1151,164,1,1
10533,29/11/2012,1151,164,1,1
10243,29/11/2012,1151,164,1,1
10202,30/11/2012,1152,164,1,1
10208,1/12/2012,1153,164,1,1
13254,2/12/2012,1154,164,1,1
10164,2/12/2012,1154,164,1,1
13253,2/12/2012,1154,164,1,1
13255,3/12/2012,1155,164,1,1
10531,3/12/2012,1155,164,1,1
10536,4/12/2012,1156,165,1,1
10649,4/12/2012,1156,165,1,1
10648,4/12/2012,1156,165,1,1
10503,4/12/2012,1156,165,1,1
10651,6/12/2012,1158,165,1,1
10739,6/12/2012,1158,165,1,1
10504,6/12/2012,1158,165,1,1
11117,7/12/2012,1159,165,1,1
11499,7/12/2012,1159,165,1,1
10935,8/12/2012,1160,165,1,1
10652,8/12/2012,1160,165,1,1
10506,9/12/2012,1161,165,1,1
10532,10/12/2012,1162,165,1,1
10568,10/12/2012,1162,165,1,1
13256,11/12/2012,1163,166,1,1
12047,12/12/2012,1164,166,1,1
13257,12/12/2012,1164,166,1,1
10654,13/12/2012,1165,166,1,1
11956,13/12/2012,1165,166,1,1
13258,14/12/2012,1166,166,1,1
10716,14/12/2012,1166,166,1,1
11318,15/12/2012,1167,166,1,1
10655,15/12/2012,1167,166,1,1
10656,16/12/2012,1168,166,1,1
10859,17/12/2012,1169,166,5,1
10657,17/12/2012,1169,166,1,1
11329,18/12/2012,1170,167,1,1
10703,18/12/2012,1170,167,1,1
11330,20/12/2012,1172,167,1,1
11390,20/12/2012,1172,167,1,1
10658,20/12/2012,1172,167,1,1
10748,21/12/2012,1173,167,10,1
14337,21/12/2012,1173,167,1,1
13259,26/12/2012,1178,168,1,1
10956,26/12/2012,1178,168,1,1
10671,27/12/2012,1179,168,1,1
13260,27/12/2012,1179,168,1,1
11399,27/12/2012,1179,168,1,1
11388,29/12/2012,1181,168,1,1
11386,29/12/2012,1181,168,1,1
13261,30/12/2012,1182,168,1,1
11332,31/12/2012,1183,168,6,1
11331,31/12/2012,1183,168,6,1
13262,31/12/2012,1183,168,1,1
10741,2/01/2013,1185,169,6,1
10705,3/01/2013,1186,169,1,1
10740,5/01/2013,1188,169,4,1
10749,6/01/2013,1189,169,1,1
11384,7/01/2013,1190,169,1,1
11398,8/01/2013,1191,170,1,1
11957,9/01/2013,1192,170,1,1
11396,11/01/2013,1194,170,1,1
10896,15/01/2013,1198,171,1,1
11385,15/01/2013,1198,171,1,1
11328,15/01/2013,1198,171,1,1
13183,17/01/2013,1200,171,1,1
10933,18/01/2013,1201,171,1,1
10934,18/01/2013,1201,171,1,1
10901,18/01/2013,1201,171,1,1
10897,19/01/2013,1202,171,1,1
11394,21/01/2013,1204,171,1,1
10937,22/01/2013,1205,172,1,1
10938,23/01/2013,1206,172,1,1
11199,24/01/2013,1207,172,1,1
10936,24/01/2013,1207,172,1,1
11241,25/01/2013,1208,172,1,1
11321,26/01/2013,1209,172,1,1
11392,28/01/2013,1211,172,1,1
10960,29/01/2013,1212,173,2,1
11458,29/01/2013,1212,173,1,1
11397,29/01/2013,1212,173,1,1
11063,7/02/2013,1221,174,1,1
11393,9/02/2013,1223,174,1,1
11378,11/02/2013,1225,174,1,1
10989,11/02/2013,1225,174,1,1
11564,11/02/2013,1225,174,1,1
11380,18/02/2013,1232,175,1,1
11379,18/02/2013,1232,175,1,1
11938,21/02/2013,1235,176,1,1
11930,22/02/2013,1236,176,1,1
11381,23/02/2013,1237,176,1,1
12136,23/02/2013,1237,176,1,1
11421,26/02/2013,1240,177,3,1
11565,26/02/2013,1240,177,2,1
11423,27/02/2013,1241,177,1,1
11424,28/02/2013,1242,177,1,1
11712,3/03/2013,1245,177,1,1
11450,5/03/2013,1247,178,1,1
15783,6/03/2013,1248,178,1,1
11482,7/03/2013,1249,178,1,1
11792,10/03/2013,1252,178,1,1
11480,12/03/2013,1254,179,1,1
12117,14/03/2013,1256,179,1,1
11485,15/03/2013,1257,179,2,1
11567,15/03/2013,1257,179,1,1
11568,15/03/2013,1257,179,1,1
11793,15/03/2013,1257,179,1,1
11486,15/03/2013,1257,179,1,1
12048,17/03/2013,1259,179,1,1
11541,21/03/2013,1263,180,1,1
15710,21/03/2013,1263,180,1,1
11794,21/03/2013,1263,180,1,1
11506,22/03/2013,1264,180,1,1
11507,22/03/2013,1264,180,1,1
12142,23/03/2013,1265,180,1,1
11538,23/03/2013,1265,180,1,1
13970,23/03/2013,1265,180,1,1
11713,24/03/2013,1266,180,1,1
12137,24/03/2013,1266,180,1,1
11519,25/03/2013,1267,180,1,1
11795,27/03/2013,1269,181,1,1
11796,28/03/2013,1270,181,1,1
11600,28/03/2013,1270,181,1,1
11710,29/03/2013,1271,181,1,1
12140,29/03/2013,1271,181,1,1
15711,29/03/2013,1271,181,1,1
11743,30/03/2013,1272,181,1,1
11544,31/03/2013,1273,181,1,1
11822,1/04/2013,1274,181,1,1
11569,1/04/2013,1274,181,1,1
11948,2/04/2013,1275,182,1,1
12049,2/04/2013,1275,182,1,1
12134,2/04/2013,1275,182,1,1
11595,2/04/2013,1275,182,1,1
11714,3/04/2013,1276,182,1,1
11596,3/04/2013,1276,182,1,1
11558,4/04/2013,1277,182,11,1
11559,4/04/2013,1277,182,5,1
12029,4/04/2013,1277,182,3,1
11570,4/04/2013,1277,182,1,1
11560,5/04/2013,1278,182,1,1
11561,5/04/2013,1278,182,1,1
12018,7/04/2013,1280,182,1,1
11557,8/04/2013,1281,182,1,1
11562,8/04/2013,1281,182,1,1
11603,8/04/2013,1281,182,1,1
11973,9/04/2013,1282,183,1,1
11709,10/04/2013,1283,183,1,1
11805,10/04/2013,1283,183,1,1
15712,10/04/2013,1283,183,1,1
11942,12/04/2013,1285,183,1,1
11749,12/04/2013,1285,183,1,1
11729,13/04/2013,1286,183,1,1
12016,14/04/2013,1287,183,1,1
11731,14/04/2013,1287,183,1,1
11669,14/04/2013,1287,183,1,1
11730,14/04/2013,1287,183,1,1
11597,14/04/2013,1287,183,1,1
11764,15/04/2013,1288,183,1,1
11751,15/04/2013,1288,183,1,1
11806,15/04/2013,1288,183,1,1
11608,15/04/2013,1288,183,1,1
11752,16/04/2013,1289,184,1,1
11746,16/04/2013,1289,184,1,1
14194,16/04/2013,1289,184,1,1
11807,16/04/2013,1289,184,1,1
11808,17/04/2013,1290,184,1,1
11832,17/04/2013,1290,184,1,1
11728,17/04/2013,1290,184,1,1
11779,17/04/2013,1290,184,1,1
12015,18/04/2013,1291,184,1,1
11670,18/04/2013,1291,184,1,1
11753,18/04/2013,1291,184,1,1
11754,18/04/2013,1291,184,1,1
11811,18/04/2013,1291,184,1,1
11809,18/04/2013,1291,184,1,1
11671,18/04/2013,1291,184,1,1
11812,19/04/2013,1292,184,1,1
11706,19/04/2013,1292,184,1,1
14107,20/04/2013,1293,184,1,1
11741,21/04/2013,1294,184,1,1
11717,22/04/2013,1295,184,1,1
11834,22/04/2013,1295,184,1,1
11788,22/04/2013,1295,184,1,1
11836,23/04/2013,1296,185,1,1
15713,23/04/2013,1296,185,1,1
11718,23/04/2013,1296,185,1,1
11955,24/04/2013,1297,185,1,1
11719,24/04/2013,1297,185,1,1
11739,24/04/2013,1297,185,1,1
11742,25/04/2013,1298,185,1,1
11740,25/04/2013,1298,185,1,1
12050,25/04/2013,1298,185,1,1
12014,26/04/2013,1299,185,1,1
11839,26/04/2013,1299,185,1,1
13179,26/04/2013,1299,185,1,1
11755,27/04/2013,1300,185,3,1
12121,28/04/2013,1301,185,2,1
11747,28/04/2013,1301,185,1,1
12009,29/04/2013,1302,185,1,1
11974,29/04/2013,1302,185,1,1
11850,29/04/2013,1302,185,1,1
13185,29/04/2013,1302,185,1,1
11841,30/04/2013,1303,186,1,1
11814,30/04/2013,1303,186,1,1
11744,30/04/2013,1303,186,1,1
11748,1/05/2013,1304,186,1,1
15714,1/05/2013,1304,186,1,1
11798,3/05/2013,1306,186,1,1
11803,4/05/2013,1307,186,1,1
11799,4/05/2013,1307,186,1,1
13062,4/05/2013,1307,186,1,1
11802,4/05/2013,1307,186,1,1
11800,4/05/2013,1307,186,1,1
15715,5/05/2013,1308,186,1,1
11939,5/05/2013,1308,186,1,1
11950,6/05/2013,1309,186,1,1
11851,6/05/2013,1309,186,1,1
11932,6/05/2013,1309,186,1,1
12034,7/05/2013,1310,187,1,1
11952,7/05/2013,1310,187,1,1
11953,7/05/2013,1310,187,1,1
11905,7/05/2013,1310,187,1,1
11951,7/05/2013,1310,187,1,1
11846,8/05/2013,1311,187,10,1
11801,8/05/2013,1311,187,1,1
11845,8/05/2013,1311,187,1,1
12008,9/05/2013,1312,187,1,1
12051,10/05/2013,1313,187,1,1
12022,11/05/2013,1314,187,1,1
11977,12/05/2013,1315,187,1,1
11804,12/05/2013,1315,187,1,1
12035,14/05/2013,1317,188,1,1
12007,16/05/2013,1319,188,1,1
12006,16/05/2013,1319,188,1,1
12138,16/05/2013,1319,188,1,1
11890,16/05/2013,1319,188,1,1
12013,16/05/2013,1319,188,1,1
11933,17/05/2013,1320,188,9,1
12036,17/05/2013,1320,188,1,1
12144,17/05/2013,1320,188,1,1
11935,17/05/2013,1320,188,1,1
11892,17/05/2013,1320,188,1,1
12037,19/05/2013,1322,188,1,1
11893,20/05/2013,1323,188,1,1
12132,20/05/2013,1323,188,1,1
11941,21/05/2013,1324,189,1,1
11934,21/05/2013,1324,189,1,1
11904,21/05/2013,1324,189,1,1
11978,23/05/2013,1326,189,1,1
12139,23/05/2013,1326,189,1,1
12056,24/05/2013,1327,189,3,1
12038,25/05/2013,1328,189,1,1
12012,28/05/2013,1331,190,1,1
12122,28/05/2013,1331,190,1,1
12123,29/05/2013,1332,190,1,1
11931,29/05/2013,1332,190,1,1
12031,30/05/2013,1333,190,1,1
12055,30/05/2013,1333,190,1,1
12010,3/06/2013,1337,190,1,1
11972,3/06/2013,1337,190,1,1
14190,3/06/2013,1337,190,1,1
12229,4/06/2013,1338,191,1,1
12197,6/06/2013,1340,191,1,1
12039,6/06/2013,1340,191,1,1
12101,8/06/2013,1342,191,1,1
12042,9/06/2013,1343,191,1,1
12238,14/06/2013,1348,192,1,1
12116,14/06/2013,1348,192,1,1
12062,14/06/2013,1348,192,1,1
13773,17/06/2013,1351,192,1,1
12063,17/06/2013,1351,192,1,1
12114,18/06/2013,1352,193,1,1
14191,18/06/2013,1352,193,1,1
12064,18/06/2013,1352,193,1,1
12115,24/06/2013,1358,193,1,1
12120,24/06/2013,1358,193,1,1
13603,25/06/2013,1359,194,1,1
12350,29/06/2013,1363,194,5,1
12349,29/06/2013,1363,194,5,1
12204,29/06/2013,1363,194,1,1
11975,30/06/2013,1364,194,1,1
12141,1/07/2013,1365,194,1,1
12206,4/07/2013,1368,195,3,1
12344,4/07/2013,1368,195,1,1
12205,9/07/2013,1373,196,3,1
12231,10/07/2013,1374,196,1,1
12228,10/07/2013,1374,196,1,1
14109,10/07/2013,1374,196,1,1
12527,11/07/2013,1375,196,1,1
13355,12/07/2013,1376,196,9,1
14192,14/07/2013,1378,196,1,1
14193,14/07/2013,1378,196,1,1
14110,17/07/2013,1381,197,1,1
13604,18/07/2013,1382,197,1,1
15742,20/07/2013,1384,197,1,1
12271,22/07/2013,1386,197,1,1
12294,23/07/2013,1387,198,1,1
15716,24/07/2013,1388,198,1,1
13489,26/07/2013,1390,198,1,1
13051,1/08/2013,1396,199,1,1
13052,1/08/2013,1396,199,1,1
12616,1/08/2013,1396,199,1,1
12386,2/08/2013,1397,199,1,1
12456,2/08/2013,1397,199,1,1
12396,2/08/2013,1397,199,1,1
13053,5/08/2013,1400,199,1,1
12394,7/08/2013,1402,200,1,1
12385,8/08/2013,1403,200,1,1
13230,9/08/2013,1404,200,1,1
15717,12/08/2013,1407,200,1,1
12727,13/08/2013,1408,201,1,1
13229,13/08/2013,1408,201,1,1
12823,15/08/2013,1410,201,1,1
13470,16/08/2013,1411,201,4,1
12458,17/08/2013,1412,201,1,1
15718,18/08/2013,1413,201,1,1
12531,19/08/2013,1414,201,3,1
12577,19/08/2013,1414,201,1,1
13245,22/08/2013,1417,202,1,1
13054,23/08/2013,1418,202,1,1
12586,25/08/2013,1420,202,1,1
13055,30/08/2013,1425,203,1,1
15719,31/08/2013,1426,203,1,1
13445,1/09/2013,1427,203,1,1
12638,3/09/2013,1429,204,1,1
13438,4/09/2013,1430,204,1,1
12652,5/09/2013,1431,204,1,1
12670,6/09/2013,1432,204,1,1
12783,7/09/2013,1433,204,1,1
12736,8/09/2013,1434,204,1,1
13446,8/09/2013,1434,204,1,1
12796,9/09/2013,1435,204,1,1
13490,10/09/2013,1436,205,1,1
13393,11/09/2013,1437,205,1,1
13018,12/09/2013,1438,205,1,1
13441,12/09/2013,1438,205,1,1
13019,12/09/2013,1438,205,1,1
13056,13/09/2013,1439,205,1,1
13057,13/09/2013,1439,205,1,1
13447,13/09/2013,1439,205,1,1
12797,16/09/2013,1442,205,1,1
13897,19/09/2013,1445,206,1,1
13398,20/09/2013,1446,206,1,1
12887,21/09/2013,1447,206,1,1
13394,21/09/2013,1447,206,1,1
13021,21/09/2013,1447,206,1,1
12832,22/09/2013,1448,206,1,1
13443,23/09/2013,1449,206,1,1
13234,24/09/2013,1450,207,1,1
15723,24/09/2013,1450,207,1,1
13448,25/09/2013,1451,207,1,1
13240,26/09/2013,1452,207,1,1
15724,26/09/2013,1452,207,1,1
13449,26/09/2013,1452,207,1,1
13231,27/09/2013,1453,207,2,1
13058,27/09/2013,1453,207,1,1
15725,27/09/2013,1453,207,1,1
12998,27/09/2013,1453,207,1,1
13235,27/09/2013,1453,207,1,1
12904,27/09/2013,1453,207,1,1
13232,28/09/2013,1454,207,1,1
12995,28/09/2013,1454,207,1,1
13450,28/09/2013,1454,207,1,1
12999,28/09/2013,1454,207,1,1
12996,29/09/2013,1455,207,1,1
12997,29/09/2013,1455,207,1,1
13332,30/09/2013,1456,207,1,1
14113,30/09/2013,1456,207,1,1
13492,30/09/2013,1456,207,1,1
13002,30/09/2013,1456,207,1,1
13005,1/10/2013,1457,208,1,1
12975,1/10/2013,1457,208,1,1
13000,1/10/2013,1457,208,1,1
13024,2/10/2013,1458,208,1,1
13004,2/10/2013,1458,208,1,1
13030,3/10/2013,1459,208,1,1
13014,3/10/2013,1459,208,1,1
13143,3/10/2013,1459,208,1,1
13178,4/10/2013,1460,208,1,1
13011,4/10/2013,1460,208,1,1
13012,4/10/2013,1460,208,1,1
13287,4/10/2013,1460,208,1,1
13286,4/10/2013,1460,208,1,1
13049,5/10/2013,1461,208,1,1
13087,5/10/2013,1461,208,1,1
13175,6/10/2013,1462,208,1,1
13088,6/10/2013,1462,208,1,1
13013,6/10/2013,1462,208,1,1
13089,7/10/2013,1463,208,1,1
13060,8/10/2013,1464,209,1,1
13059,8/10/2013,1464,209,1,1
13545,8/10/2013,1464,209,1,1
13544,8/10/2013,1464,209,1,1
13144,8/10/2013,1464,209,1,1
13083,9/10/2013,1465,209,1,1
13145,10/10/2013,1466,209,1,1
13239,10/10/2013,1466,209,1,1
13142,10/10/2013,1466,209,1,1
13283,11/10/2013,1467,209,2,1
13284,11/10/2013,1467,209,2,1
13176,11/10/2013,1467,209,1,1
14114,13/10/2013,1469,209,1,1
13522,14/10/2013,1470,209,1,1
13177,14/10/2013,1470,209,1,1
13237,14/10/2013,1470,209,1,1
14459,14/10/2013,1470,209,1,1
13494,15/10/2013,1471,210,1,1
13146,15/10/2013,1471,210,1,1
13165,15/10/2013,1471,210,1,1
16297,16/10/2013,1472,210,1,1
13518,16/10/2013,1472,210,1,1
13181,17/10/2013,1473,210,1,1
13495,18/10/2013,1474,210,1,1
13281,18/10/2013,1474,210,1,1
13496,18/10/2013,1474,210,1,1
15743,18/10/2013,1474,210,1,1
13458,19/10/2013,1475,210,1,1
13400,19/10/2013,1475,210,1,1
14106,19/10/2013,1475,210,1,1
13280,21/10/2013,1477,210,3,1
13606,21/10/2013,1477,210,1,1
13550,21/10/2013,1477,210,1,1
15733,21/10/2013,1477,210,1,1
13331,22/10/2013,1478,211,1,1
13223,22/10/2013,1478,211,1,1
13277,23/10/2013,1479,211,1,1
13246,23/10/2013,1479,211,1,1
13236,23/10/2013,1479,211,1,1
16075,23/10/2013,1479,211,1,1
13241,23/10/2013,1479,211,1,1
13289,23/10/2013,1479,211,1,1
15949,24/10/2013,1480,211,1,1
13465,25/10/2013,1481,211,1,1
13288,25/10/2013,1481,211,1,1
13551,25/10/2013,1481,211,1,1
13774,26/10/2013,1482,211,1,1
13317,26/10/2013,1482,211,1,1
13333,26/10/2013,1482,211,1,1
13553,27/10/2013,1483,211,1,1
13389,28/10/2013,1484,211,1,1
13498,28/10/2013,1484,211,1,1
13609,28/10/2013,1484,211,1,1
13452,28/10/2013,1484,211,1,1
13451,28/10/2013,1484,211,1,1
13460,29/10/2013,1485,212,3,1
13459,29/10/2013,1485,212,3,1
13898,29/10/2013,1485,212,5,1
13456,29/10/2013,1485,212,1,1
13611,29/10/2013,1485,212,1,1
13552,30/10/2013,1486,212,1,1
13344,30/10/2013,1486,212,1,1
13453,31/10/2013,1487,212,1,1
13515,31/10/2013,1487,212,1,1
13516,31/10/2013,1487,212,1,1
13825,1/11/2013,1488,212,1,1
13461,2/11/2013,1489,212,3,1
13523,2/11/2013,1489,212,1,1
13468,3/11/2013,1490,212,1,1
14195,4/11/2013,1491,212,1,1
13457,4/11/2013,1491,212,1,1
13475,4/11/2013,1491,212,1,1
14200,5/11/2013,1492,213,2,1
14201,5/11/2013,1492,213,1,1
13566,5/11/2013,1492,213,1,1
13514,5/11/2013,1492,213,1,1
13557,6/11/2013,1493,213,1,1
13519,8/11/2013,1495,213,1,1
13476,8/11/2013,1495,213,1,1
13524,8/11/2013,1495,213,1,1
13971,8/11/2013,1495,213,1,1
14197,9/11/2013,1496,213,1,1
13828,9/11/2013,1496,213,1,1
13493,10/11/2013,1497,213,1,1
13471,10/11/2013,1497,213,1,1
15587,11/11/2013,1498,213,7,1
14196,11/11/2013,1498,213,1,1
13613,11/11/2013,1498,213,1,1
13440,11/11/2013,1498,213,1,1
13765,11/11/2013,1498,213,1,1
13528,11/11/2013,1498,213,1,1
14339,11/11/2013,1498,213,1,1
13526,12/11/2013,1499,214,1,1
13548,12/11/2013,1499,214,1,1
13558,12/11/2013,1499,214,1,1
13766,12/11/2013,1499,214,1,1
19560,12/11/2013,1499,214,1,1
14340,12/11/2013,1499,214,1,1
14117,13/11/2013,1500,214,1,1
13527,13/11/2013,1500,214,1,1
14118,13/11/2013,1500,214,1,1
14119,14/11/2013,1501,214,1,1
19561,14/11/2013,1501,214,1,1
13770,16/11/2013,1503,214,7,1
15586,16/11/2013,1503,214,1,1
13568,16/11/2013,1503,214,1,1
15588,16/11/2013,1503,214,1,1
13562,17/11/2013,1504,214,1,1
13561,18/11/2013,1505,214,1,1
13563,18/11/2013,1505,214,1,1
13567,19/11/2013,1506,215,1,1
13754,20/11/2013,1507,215,1,1
13835,20/11/2013,1507,215,1,1
13831,21/11/2013,1508,215,1,1
13605,21/11/2013,1508,215,1,1
13833,21/11/2013,1508,215,1,1
13757,21/11/2013,1508,215,1,1
13756,21/11/2013,1508,215,1,1
13758,22/11/2013,1509,215,1,1
15726,23/11/2013,1510,215,3,1
13775,23/11/2013,1510,215,1,1
15929,24/11/2013,1511,215,1,1
13761,24/11/2013,1511,215,1,1
14120,24/11/2013,1511,215,1,1
13763,25/11/2013,1512,215,10,1
14199,25/11/2013,1512,215,1,1
13991,25/11/2013,1512,215,1,1
13972,25/11/2013,1512,215,1,1
13834,25/11/2013,1512,215,1,1
13760,25/11/2013,1512,215,1,1
13989,25/11/2013,1512,215,1,1
13753,25/11/2013,1512,215,1,1
13993,26/11/2013,1513,216,1,1
13992,26/11/2013,1513,216,1,1
14434,26/11/2013,1513,216,1,1
15593,27/11/2013,1514,216,3,1
15594,27/11/2013,1514,216,3,1
14436,27/11/2013,1514,216,1,1
14435,27/11/2013,1514,216,1,1
13829,27/11/2013,1514,216,1,1
14442,28/11/2013,1515,216,1,1
13957,28/11/2013,1515,216,1,1
15637,28/11/2013,1515,216,1,1
13994,29/11/2013,1516,216,6,1
13996,29/11/2013,1516,216,1,1
13999,1/12/2013,1518,216,1,1
14437,1/12/2013,1518,216,1,1
14188,2/12/2013,1519,216,1,1
14445,4/12/2013,1521,217,1,1
10747,4/12/2013,1521,217,1,1
14299,4/12/2013,1521,217,1,1
14078,4/12/2013,1521,217,1,1
14189,5/12/2013,1522,217,1,1
14079,5/12/2013,1522,217,1,1
14080,5/12/2013,1522,217,1,1
14341,7/12/2013,1524,217,1,1
15952,8/12/2013,1525,217,2,1
15595,8/12/2013,1525,217,1,1
14279,10/12/2013,1527,218,1,1
10743,10/12/2013,1527,218,1,1
16057,10/12/2013,1527,218,1,1
14473,11/12/2013,1528,218,1,1
14198,13/12/2013,1530,218,1,1
11317,13/12/2013,1530,218,1,1
14439,15/12/2013,1532,218,3,1
15928,15/12/2013,1532,218,1,1
15927,15/12/2013,1532,218,1,1
14452,17/12/2013,1534,219,1,1
10744,20/12/2013,1537,219,1,1
15953,20/12/2013,1537,219,1,1
14338,20/12/2013,1537,219,1,1
19562,20/12/2013,1537,219,1,1
15730,20/12/2013,1537,219,1,1
14453,21/12/2013,1538,219,1,1
16238,21/12/2013,1538,219,1,1
14343,22/12/2013,1539,219,1,1
14454,22/12/2013,1539,219,1,1
19563,23/12/2013,1540,219,1,1
15954,23/12/2013,1540,219,1,1
16296,23/12/2013,1540,219,1,1
14400,24/12/2013,1541,220,1,1
10745,24/12/2013,1541,220,1,1
14336,26/12/2013,1543,220,1,1
10746,26/12/2013,1543,220,1,1
16056,26/12/2013,1543,220,1,1
14350,27/12/2013,1544,220,1,1
14345,27/12/2013,1544,220,1,1
14344,27/12/2013,1544,220,1,1
15598,27/12/2013,1544,220,1,1
15955,29/12/2013,1546,220,1,1
15599,30/12/2013,1547,220,1,1
14333,30/12/2013,1547,220,1,1
14301,30/12/2013,1547,220,1,1
19565,31/12/2013,1548,221,1,1
14302,31/12/2013,1548,221,1,1
19564,31/12/2013,1548,221,1,1
15600,2/01/2014,1550,221,1,1
14387,3/01/2014,1551,221,1,1
15602,3/01/2014,1551,221,1,1
14449,3/01/2014,1551,221,1,1
15613,4/01/2014,1552,221,1,1
19567,4/01/2014,1552,221,1,1
19566,4/01/2014,1552,221,1,1
14317,4/01/2014,1552,221,1,1
14455,4/01/2014,1552,221,1,1
15614,4/01/2014,1552,221,1,1
14332,6/01/2014,1554,221,3,1
19568,6/01/2014,1554,221,1,1
14347,6/01/2014,1554,221,1,1
15956,6/01/2014,1554,221,1,1
15920,7/01/2014,1555,222,1,1
15616,7/01/2014,1555,222,1,1
14348,7/01/2014,1555,222,1,1
15615,7/01/2014,1555,222,1,1
14349,7/01/2014,1555,222,1,1
15681,8/01/2014,1556,222,1,1
15764,8/01/2014,1556,222,1,1
15708,10/01/2014,1558,222,1,1
14519,10/01/2014,1558,222,1,1
15923,10/01/2014,1558,222,1,1
15682,10/01/2014,1558,222,1,1
14407,11/01/2014,1559,222,1,1
15683,13/01/2014,1561,222,1,1
14406,15/01/2014,1563,223,1,1
15925,15/01/2014,1563,223,1,1
14408,15/01/2014,1563,223,1,1
14484,17/01/2014,1565,223,1,1
14450,17/01/2014,1565,223,1,1
15926,18/01/2014,1566,223,1,1
15685,18/01/2014,1566,223,1,1
15732,19/01/2014,1567,223,1,1
15684,19/01/2014,1567,223,1,1
14451,20/01/2014,1568,223,1,1
15958,21/01/2014,1569,224,1,1
19569,21/01/2014,1569,224,1,1
15744,21/01/2014,1569,224,1,1
14428,22/01/2014,1570,224,1,1
14433,23/01/2014,1571,224,1,1
15931,23/01/2014,1571,224,1,1
14463,23/01/2014,1571,224,1,1
14520,24/01/2014,1572,224,1,1
14460,25/01/2014,1573,224,1,1
15932,26/01/2014,1574,224,1,1
15934,26/01/2014,1574,224,1,1
15933,27/01/2014,1575,224,1,1
14447,27/01/2014,1575,224,1,1
14458,28/01/2014,1576,225,1,1
14456,28/01/2014,1576,225,1,1
15959,29/01/2014,1577,225,1,1
15763,30/01/2014,1578,225,1,1
15686,30/01/2014,1578,225,1,1
15960,6/02/2014,1585,226,1,1
15962,7/02/2014,1586,226,1,1
15585,7/02/2014,1586,226,1,1
19025,8/02/2014,1587,226,1,1
19023,8/02/2014,1587,226,1,1
15589,11/02/2014,1590,227,4,1
15687,12/02/2014,1591,227,1,1
15617,12/02/2014,1591,227,1,1
15865,16/02/2014,1595,227,1,1
15740,17/02/2014,1596,227,1,1
15945,17/02/2014,1596,227,1,1
15867,18/02/2014,1597,228,1,1
15688,18/02/2014,1597,228,1,1
15734,22/02/2014,1601,228,1,1
15866,22/02/2014,1601,228,1,1
19570,24/02/2014,1603,228,1,1
15808,25/02/2014,1604,229,1,1
15868,25/02/2014,1604,229,1,1
15944,25/02/2014,1604,229,1,1
19571,1/03/2014,1608,229,1,1
15790,2/03/2014,1609,229,3,1
16065,2/03/2014,1609,229,1,1
15805,3/03/2014,1610,229,1,1
19022,4/03/2014,1611,230,1,1
15965,5/03/2014,1612,230,1,1
15857,5/03/2014,1612,230,1,1
15939,7/03/2014,1614,230,1,1
15880,9/03/2014,1616,230,1,1
15881,10/03/2014,1617,230,2,1
15910,10/03/2014,1617,230,1,1
16047,10/03/2014,1617,230,1,1
15966,10/03/2014,1617,230,1,1
15946,11/03/2014,1618,231,1,1
15930,14/03/2014,1621,231,1,1
15967,14/03/2014,1621,231,1,1
15914,15/03/2014,1622,231,1,1
15940,15/03/2014,1622,231,1,1
15948,17/03/2014,1624,231,1,1
15941,18/03/2014,1625,232,1,1
16250,18/03/2014,1625,232,1,1
16251,18/03/2014,1625,232,1,1
19021,19/03/2014,1626,232,1,1
15936,19/03/2014,1626,232,1,1
16307,19/03/2014,1626,232,1,1
15969,20/03/2014,1627,232,1,1
15968,20/03/2014,1627,232,1,1
15957,23/03/2014,1630,232,1,1
16295,24/03/2014,1631,232,1,1
16101,26/03/2014,1633,233,1,1
16032,26/03/2014,1633,233,1,1
16240,2/04/2014,1640,234,1,1
18316,2/04/2014,1640,234,1,1
16058,4/04/2014,1642,234,1,1
16086,4/04/2014,1642,234,1,1
16264,7/04/2014,1645,234,1,1
16262,8/04/2014,1646,235,1,1
16066,9/04/2014,1647,235,1,1
16059,9/04/2014,1647,235,1,1
16079,14/04/2014,1652,235,1,1
16252,14/04/2014,1652,235,1,1
16664,14/04/2014,1652,235,1,1
16078,14/04/2014,1652,235,1,1
16088,15/04/2014,1653,236,7,1
16104,15/04/2014,1653,236,1,1
16077,16/04/2014,1654,236,1,1
16095,17/04/2014,1655,236,1,1
16094,19/04/2014,1657,236,1,1
16085,19/04/2014,1657,236,1,1
16665,19/04/2014,1657,236,1,1
16089,22/04/2014,1660,237,1,1
16108,24/04/2014,1662,237,1,1
16865,24/04/2014,1662,237,1,1
16106,27/04/2014,1665,237,1,1
16103,28/04/2014,1666,237,1,1
16310,28/04/2014,1666,237,1,1
16120,29/04/2014,1667,238,1,1
16113,30/04/2014,1668,238,1,1
16866,1/05/2014,1669,238,1,1
16248,5/05/2014,1673,238,2,1
16145,5/05/2014,1673,238,1,1
16329,5/05/2014,1673,238,1,1
16271,6/05/2014,1674,239,1,1
16241,6/05/2014,1674,239,1,1
16265,7/05/2014,1675,239,1,1
16400,11/05/2014,1679,239,1,1
16300,12/05/2014,1680,239,1,1
16311,15/05/2014,1683,240,1,1
16402,15/05/2014,1683,240,1,1
18407,15/05/2014,1683,240,1,1
16299,16/05/2014,1684,240,1,1
18406,18/05/2014,1686,240,1,1
16330,19/05/2014,1687,240,1,1
16409,19/05/2014,1687,240,1,1
16403,20/05/2014,1688,241,1,1
17932,22/05/2014,1690,241,1,1
16425,22/05/2014,1690,241,1,1
16439,23/05/2014,1691,241,1,1
16444,24/05/2014,1692,241,1,1
16443,24/05/2014,1692,241,1,1
16445,25/05/2014,1693,241,1,1
16447,26/05/2014,1694,241,1,1
16328,26/05/2014,1694,241,1,1
16487,26/05/2014,1694,241,1,1
16446,26/05/2014,1694,241,1,1
16332,27/05/2014,1695,242,1,1
16412,27/05/2014,1695,242,1,1
16449,28/05/2014,1696,242,1,1
16370,28/05/2014,1696,242,1,1
16359,29/05/2014,1697,242,6,1
16413,29/05/2014,1697,242,1,1
16451,29/05/2014,1697,242,1,1
16452,30/05/2014,1698,242,1,1
16453,30/05/2014,1698,242,1,1
16358,31/05/2014,1699,242,4,1
16465,31/05/2014,1699,242,1,1
16429,31/05/2014,1699,242,1,1
16455,31/05/2014,1699,242,1,1
16730,1/06/2014,1700,242,2,1
16457,2/06/2014,1701,242,1,1
16456,2/06/2014,1701,242,1,1
16369,3/06/2014,1702,243,1,1
16458,3/06/2014,1702,243,1,1
16466,4/06/2014,1703,243,1,1
16436,4/06/2014,1703,243,1,1
16414,4/06/2014,1703,243,1,1
16415,5/06/2014,1704,243,1,1
16461,5/06/2014,1704,243,1,1
16432,5/06/2014,1704,243,1,1
16594,6/06/2014,1705,243,1,1
16420,6/06/2014,1705,243,1,1
16830,7/06/2014,1706,243,1,1
16434,9/06/2014,1708,243,7,1
16435,9/06/2014,1708,243,1,1
16437,9/06/2014,1708,243,1,1
16433,10/06/2014,1709,244,7,1
16467,10/06/2014,1709,244,1,1
16559,11/06/2014,1710,244,1,1
16484,12/06/2014,1711,244,1,1
16464,12/06/2014,1711,244,1,1
16831,14/06/2014,1713,244,1,1
16485,17/06/2014,1716,245,1,1
17931,19/06/2014,1718,245,1,1
17933,24/06/2014,1723,246,1,1
16536,25/06/2014,1724,246,1,1
16832,25/06/2014,1724,246,1,1
16732,1/07/2014,1730,247,1,1
16733,1/07/2014,1730,247,1,1
18408,5/07/2014,1734,247,1,1
16807,11/07/2014,1740,248,1,1
18390,12/07/2014,1741,248,1,1
16833,14/07/2014,1743,248,1,1
16611,14/07/2014,1743,248,1,1
16808,14/07/2014,1743,248,1,1
16688,15/07/2014,1744,249,1,1
16558,16/07/2014,1745,249,1,1
16819,16/07/2014,1745,249,1,1
16810,21/07/2014,1750,249,8,1
16809,21/07/2014,1750,249,8,1
16767,22/07/2014,1751,250,1,1
16765,23/07/2014,1752,250,1,1
16764,23/07/2014,1752,250,1,1
16834,25/07/2014,1754,250,1,1
16818,29/07/2014,1758,251,1,1
16766,29/07/2014,1758,251,1,1
16835,30/07/2014,1759,251,1,1
19572,1/08/2014,1761,251,1,1
16864,6/08/2014,1766,252,1,1
16836,6/08/2014,1766,252,1,1
18646,12/08/2014,1772,253,1,1
17218,14/08/2014,1774,253,1,1
16875,14/08/2014,1774,253,1,1
18647,18/08/2014,1778,253,1,1
17219,21/08/2014,1781,254,1,1
18418,22/08/2014,1782,254,1,1
18648,24/08/2014,1784,254,1,1
17170,27/08/2014,1787,255,1,1
17048,29/08/2014,1789,255,1,1
17388,29/08/2014,1789,255,1,1
17220,30/08/2014,1790,255,1,1
18649,30/08/2014,1790,255,1,1
17049,30/08/2014,1790,255,1,1
16991,1/09/2014,1792,255,1,1
17387,1/09/2014,1792,255,1,1
17030,2/09/2014,1793,256,1,1
17059,4/09/2014,1795,256,1,1
17678,4/09/2014,1795,256,1,1
17389,4/09/2014,1795,256,1,1
17677,4/09/2014,1795,256,1,1
17390,6/09/2014,1797,256,1,1
17193,6/09/2014,1797,256,1,1
17058,6/09/2014,1797,256,1,1
17222,8/09/2014,1799,256,1,1
17131,8/09/2014,1799,256,1,1
18031,9/09/2014,1800,257,1,1
18650,11/09/2014,1802,257,1,1
18416,17/09/2014,1808,258,1,1
17225,22/09/2014,1813,258,1,1
17337,22/09/2014,1813,258,1,1
18417,22/09/2014,1813,258,1,1
17216,23/09/2014,1814,259,1,1
19573,23/09/2014,1814,259,1,1
18419,24/09/2014,1815,259,1,1
17392,26/09/2014,1817,259,1,1
17391,26/09/2014,1817,259,1,1
17191,26/09/2014,1817,259,1,1
17338,27/09/2014,1818,259,1,1
17393,27/09/2014,1818,259,1,1
18420,28/09/2014,1819,259,1,1
18426,28/09/2014,1819,259,1,1
18028,30/09/2014,1821,260,1,1
17934,1/10/2014,1822,260,1,1
17903,2/10/2014,1823,260,1,1
17935,2/10/2014,1823,260,1,1
17348,2/10/2014,1823,260,1,1
17902,3/10/2014,1824,260,1,1
18651,3/10/2014,1824,260,1,1
18427,7/10/2014,1828,261,1,1
17555,7/10/2014,1828,261,1,1
17652,9/10/2014,1830,261,1,1
17606,12/10/2014,1833,261,1,1
18024,13/10/2014,1834,261,1,1
17556,13/10/2014,1834,261,1,1
18163,14/10/2014,1835,262,1,1
18317,14/10/2014,1835,262,1,1
17570,15/10/2014,1836,262,1,1
17777,15/10/2014,1836,262,1,1
17905,16/10/2014,1837,262,1,1
17768,17/10/2014,1838,262,1,1
17906,17/10/2014,1838,262,1,1
17730,17/10/2014,1838,262,1,1
17653,20/10/2014,1841,262,5,1
17731,20/10/2014,1841,262,1,1
17648,20/10/2014,1841,262,1,1
17662,21/10/2014,1842,263,1,1
17655,22/10/2014,1843,263,1,1
17654,23/10/2014,1844,263,5,1
18025,24/10/2014,1845,263,1,1
18279,25/10/2014,1846,263,1,1
17661,25/10/2014,1846,263,1,1
18278,26/10/2014,1847,263,1,1
18435,26/10/2014,1847,263,1,1
18273,27/10/2014,1848,263,1,1
17907,27/10/2014,1848,263,1,1
17908,28/10/2014,1849,264,1,1
17772,28/10/2014,1849,264,1,1
18030,29/10/2014,1850,264,1,1
17770,29/10/2014,1850,264,1,1
17909,30/10/2014,1851,264,1,1
19574,30/10/2014,1851,264,1,1
18026,31/10/2014,1852,264,1,1
17823,3/11/2014,1855,264,1,1
17806,3/11/2014,1855,264,1,1
18829,3/11/2014,1855,264,1,1
18912,4/11/2014,1856,265,1,1
18831,4/11/2014,1856,265,1,1
18913,4/11/2014,1856,265,1,1
17841,5/11/2014,1857,265,1,1
18915,5/11/2014,1857,265,1,1
17936,5/11/2014,1857,265,1,1
17937,6/11/2014,1858,265,1,1
18147,6/11/2014,1858,265,1,1
18652,6/11/2014,1858,265,1,1
18704,7/11/2014,1859,265,1,1
18668,7/11/2014,1859,265,1,1
17938,7/11/2014,1859,265,1,1
18018,7/11/2014,1859,265,1,1
18412,8/11/2014,1860,265,3,1
17954,10/11/2014,1862,265,1,1
18148,12/11/2014,1864,266,1,1
18149,14/11/2014,1866,266,1,1
18289,14/11/2014,1866,266,1,1
18274,17/11/2014,1869,266,1,1
18164,17/11/2014,1869,266,1,1
19015,18/11/2014,1870,267,1,1
18911,18/11/2014,1870,267,1,1
18132,19/11/2014,1871,267,5,1
19575,20/11/2014,1872,267,1,1
18150,20/11/2014,1872,267,1,1
18276,21/11/2014,1873,267,1,1
18776,24/11/2014,1876,267,1,1
18291,24/11/2014,1876,267,1,1
18161,24/11/2014,1876,267,1,1
18301,24/11/2014,1876,267,1,1
18275,26/11/2014,1878,268,1,1
18191,26/11/2014,1878,268,1,1
18280,26/11/2014,1878,268,1,1
18328,27/11/2014,1879,268,1,1
18440,27/11/2014,1879,268,1,1
18213,29/11/2014,1881,268,1,1
18272,1/12/2014,1883,268,1,1
18300,2/12/2014,1884,269,1,1
14446,10/12/2014,1892,270,1,1
18441,16/12/2014,1898,271,1,1
18415,17/12/2014,1899,271,1,1
18436,18/12/2014,1900,271,1,1
19349,18/12/2014,1900,271,1,1
18503,19/12/2014,1901,271,1,1
18470,23/12/2014,1905,272,1,1
18512,24/12/2014,1906,272,1,1
19576,27/12/2014,1909,272,1,1
18616,30/12/2014,1912,273,4,1
18769,30/12/2014,1912,273,1,1
18515,2/01/2015,1915,273,1,1
18680,3/01/2015,1916,273,1,1
18893,5/01/2015,1918,273,1,1
18653,5/01/2015,1918,273,1,1
19014,6/01/2015,1919,274,1,1
18623,6/01/2015,1919,274,1,1
19013,6/01/2015,1919,274,1,1
18624,6/01/2015,1919,274,1,1
18607,7/01/2015,1920,274,1,1
18654,9/01/2015,1922,274,1,1
19012,10/01/2015,1923,274,1,1
18864,10/01/2015,1923,274,1,1
18699,14/01/2015,1927,275,1,1
18698,14/01/2015,1927,275,1,1
18678,15/01/2015,1928,275,1,1
18679,15/01/2015,1928,275,1,1
18863,15/01/2015,1928,275,1,1
18701,16/01/2015,1929,275,1,1
18892,20/01/2015,1933,276,1,1
18894,21/01/2015,1934,276,1,1
19121,21/01/2015,1934,276,1,1
18772,21/01/2015,1934,276,1,1
19577,22/01/2015,1935,276,1,1
18771,23/01/2015,1936,276,1,1
18890,24/01/2015,1937,276,1,1
18889,24/01/2015,1937,276,1,1
19122,27/01/2015,1940,277,1,1
18888,27/01/2015,1940,277,1,1
18850,27/01/2015,1940,277,1,1
18936,28/01/2015,1941,277,1,1
18849,29/01/2015,1942,277,1,1
19579,29/01/2015,1942,277,1,1
18882,29/01/2015,1942,277,1,1
18935,30/01/2015,1943,277,1,1
18958,2/02/2015,1946,277,2,1
18884,2/02/2015,1946,277,1,1
19154,3/02/2015,1947,278,1,1
18885,4/02/2015,1948,278,1,1
18957,6/02/2015,1950,278,2,1
19124,6/02/2015,1950,278,1,1
18881,6/02/2015,1950,278,1,1
18891,10/02/2015,1954,279,1,1
18902,10/02/2015,1954,279,1,1
18879,10/02/2015,1954,279,1,1
19128,11/02/2015,1955,279,1,1
18952,11/02/2015,1955,279,1,1
18953,11/02/2015,1955,279,1,1
18954,11/02/2015,1955,279,1,1
19011,15/02/2015,1959,279,1,1
18938,16/02/2015,1960,279,1,1
18951,16/02/2015,1960,279,1,1
18909,16/02/2015,1960,279,1,1
18908,16/02/2015,1960,279,1,1
19129,17/02/2015,1961,280,1,1
18910,17/02/2015,1961,280,1,1
18950,17/02/2015,1961,280,1,1
19130,18/02/2015,1962,280,5,1
18914,18/02/2015,1962,280,1,1
18974,18/02/2015,1962,280,1,1
18956,18/02/2015,1962,280,1,1
19028,19/02/2015,1963,280,1,1
19010,20/02/2015,1964,280,1,1
19100,23/02/2015,1967,280,1,1
18955,23/02/2015,1967,280,1,1
18937,25/02/2015,1969,281,1,1
18959,25/02/2015,1969,281,1,1
18940,26/02/2015,1970,281,1,1
18949,27/02/2015,1971,281,7,1
18942,28/02/2015,1972,281,1,1
19582,28/02/2015,1972,281,1,1
18934,2/03/2015,1974,281,1,1
19005,2/03/2015,1974,281,1,1
18947,2/03/2015,1974,281,1,1
18948,2/03/2015,1974,281,1,1
19003,3/03/2015,1975,282,1,1
19002,3/03/2015,1975,282,1,1
19004,3/03/2015,1975,282,1,1
19156,5/03/2015,1977,282,1,1
19116,5/03/2015,1977,282,1,1
19155,5/03/2015,1977,282,1,1
19157,6/03/2015,1978,282,1,1
19101,11/03/2015,1983,283,1,1
19159,11/03/2015,1983,283,1,1
19145,18/03/2015,1990,284,1,1
19152,20/03/2015,1992,284,1,1
19151,20/03/2015,1992,284,1,1
19186,25/03/2015,1997,285,7,1
19232,26/03/2015,1998,285,1,1
19415,26/03/2015,1998,285,1,1
19274,29/03/2015,2001,285,1,1
19417,30/03/2015,2002,285,1,1
19418,31/03/2015,2003,286,1,1
19284,1/04/2015,2004,286,1,1
19420,2/04/2015,2005,286,1,1
19295,2/04/2015,2005,286,1,1
19421,7/04/2015,2010,287,1,1
19275,9/04/2015,2012,287,1,1
19580,13/04/2015,2016,287,1,1
19285,13/04/2015,2016,287,1,1
19506,14/04/2015,2017,288,1,1
19311,17/04/2015,2020,288,1,1
19424,20/04/2015,2023,288,1,1
19425,21/04/2015,2024,289,1,1
19411,24/04/2015,2027,289,1,1
19392,27/04/2015,2030,289,1,1
19427,28/04/2015,2031,290,1,1
19439,29/04/2015,2032,290,1,1
19412,30/04/2015,2033,290,1,1
19437,1/05/2015,2034,290,1,1
19661,7/05/2015,2040,291,1,1
19455,8/05/2015,2041,291,1,1
19457,14/05/2015,2047,292,1,1
19583,18/05/2015,2051,292,1,1
19476,27/05/2015,2060,294,1,1
19536,1/06/2015,2065,294,1,1
19508,1/06/2015,2065,294,1,1
19717,5/06/2015,2069,295,1,1
19543,6/06/2015,2070,295,1,1
19538,8/06/2015,2072,295,1,1
19597,9/06/2015,2073,296,2,1
19596,11/06/2015,2075,296,1,1
19581,12/06/2015,2076,296,1,1
19682,15/06/2015,2079,296,1,1
19594,16/06/2015,2080,297,1,1
19584,17/06/2015,2081,297,1,1
19627,18/06/2015,2082,297,1,1
19642,19/06/2015,2083,297,1,1
19643,24/06/2015,2088,298,1,1
19644,24/06/2015,2088,298,1,1
19645,24/06/2015,2088,298,1,1
19697,1/07/2015,2095,299,1,1
19698,2/07/2015,2096,299,1,1
19629,11/07/2015,2105,300,1,1
19628,13/07/2015,2107,300,1,1
19699,21/07/2015,2115,302,1,1
19807,27/07/2015,2121,302,1,1
20012,10/08/2015,2135,304,1,1
19914,10/08/2015,2135,304,1,1
19756,18/08/2015,2143,306,1,1
19842,18/08/2015,2143,306,1,1
19843,25/08/2015,2150,307,1,1
19830,29/08/2015,2154,307,1,1
19824,30/08/2015,2155,307,1,1
19915,1/09/2015,2157,308,1,1
19839,1/09/2015,2157,308,1,1
19838,1/09/2015,2157,308,1,1
19897,12/09/2015,2168,309,1,1
19918,16/09/2015,2172,310,1,1
19922,16/09/2015,2172,310,1,1
20010,17/09/2015,2173,310,1,1
20001,18/09/2015,2174,310,1,1
20002,18/09/2015,2174,310,1,1
19943,18/09/2015,2174,310,1,1
19970,21/09/2015,2177,310,1,1
19952,21/09/2015,2177,310,1,1
19954,21/09/2015,2177,310,1,1
19953,21/09/2015,2177,310,1,1
19996,24/09/2015,2180,311,1,1
19973,25/09/2015,2181,311,1,1
19972,25/09/2015,2181,311,1,1
20003,30/09/2015,2186,312,1,1
20013,30/09/2015,2186,312,1,1
20015,1/10/2015,2187,312,1,1
20106,2/10/2015,2188,312,1,1
20055,6/10/2015,2192,313,1,1
20017,6/10/2015,2192,313,1,1
20092,9/10/2015,2195,313,1,1
20122,13/10/2015,2199,314,1,1
20123,13/10/2015,2199,314,1,1
20090,14/10/2015,2200,314,1,1
20093,16/10/2015,2202,314,1,1
20091,16/10/2015,2202,314,1,1
20103,16/10/2015,2202,314,1,1
20120,19/10/2015,2205,314,1,1
20109,19/10/2015,2205,314,1,1
20244,26/10/2015,2212,315,1,1
20150,26/10/2015,2212,315,1,1
20243,27/10/2015,2213,316,1,1
20183,28/10/2015,2214,316,1,1
20234,30/10/2015,2216,316,1,1
20245,1/11/2015,2218,316,2,1
